parzellen_id,gebaeude_id,geschoss_id,geschoss_label,wohnungs_id,einheit_id,flaechen_id,einheit_nutzung,entitaet_subtyp,entitaet_typ,flaeche,sia416_definition,zimmer_zaehler,hoehenkote,hoehe,koordinaten
11176,16560,43170,0100 | EG,fca6f681cb95c6d27558345684756dc6,138387.0,1451460.0,Wohnen,Badezimmer,Raum,3.34,HNF,0.0,0.0,2.6,"POLYGON ((-8.56 4.23, -7.51 4.94, -6.93 4.08, -6.92 4.09, -6.88 4.04, -6.6 4.23, -5.93 3.24, -7.28 2.33, -8.56 4.23))"
11176,16560,43170,0100 | EG,fca6f681cb95c6d27558345684756dc6,138387.0,1451478.0,Wohnen,Schacht,Raum,0.23,FF,0.0,0.0,2.6,"POLYGON ((0.89 -4.7, 0.71 -4.42, 1.27 -4.04, 1.46 -4.31, 0.89 -4.7))"
11176,16560,43170,0100 | EG,fca6f681cb95c6d27558345684756dc6,138387.0,1451482.0,Wohnen,Korridor,Raum,11.22,HNF,0.0,0.0,2.6,"POLYGON ((-6.51 4.29, -5.52 4.96, -4.75 3.82, -4.68 3.72, -4.23 4.02, -4.18 3.95, -4.14 3.98, -2.39 1.37, -2.54 1.27, -2.53 1.26, -2.57 1.24, -1.29 -0.64, -2.6 -1.53, -5.69 3.04, -5.67 3.05, -5.84 3.31, -5.85 3.3, -6.51 4.29))"
11176,16560,43170,0100 | EG,fca6f681cb95c6d27558345684756dc6,138387.0,1451448.0,Wohnen,Korridor,Raum,7.35,HNF,0.0,0.0,2.6,"POLYGON ((1.13 -5.18, 0.26 -5.77, -2.56 -1.6, -1.06 -0.59, 0.46 -2.83, -0.17 -3.25, -0.16 -3.27, 1.13 -5.18))"
11176,16560,43170,0100 | EG,fca6f681cb95c6d27558345684756dc6,138387.0,1451452.0,Wohnen,Badezimmer,Raum,6.21,HNF,0.0,0.0,2.6,"POLYGON ((-5.58 5.05, -6.87 4.18, -7.42 5, -6.84 5.39, -6.91 5.51, -8.64 4.34, -9.51 5.63, -7.09 7.27, -5.58 5.05))"
11176,16560,43170,0100 | EG,fca6f681cb95c6d27558345684756dc6,138387.0,1451480.0,Wohnen,Abstellraum,Raum,0.88,NNF,0.0,0.0,2.6,"POLYGON ((0.65 -4.35, -0.07 -3.28, 0.5 -2.9, 1.22 -3.96, 0.65 -4.35))"
11176,16560,43170,0100 | EG,fca6f681cb95c6d27558345684756dc6,138387.0,1451445.0,Wohnen,Küche,Raum,8.66,HNF,0.0,0.0,2.6,"POLYGON ((1.24 -5.22, 0.94 -4.77, 1.51 -4.39, 1.62 -4.32, 1.61 -4.31, 2.52 -3.7, 4.23 -6.23, 1.72 -7.93, 0.31 -5.84, 1.18 -5.25, 1.18 -5.26, 1.24 -5.22))"
11176,16560,43170,0100 | EG,fca6f681cb95c6d27558345684756dc6,138387.0,1451466.0,Wohnen,Zimmer,Raum,20.89,HNF,1.0,0.0,2.6,"POLYGON ((-0.93 -11.45, -3.81 -7.2, -0.45 -4.93, 1.79 -8.24, 1.84 -8.21, 1.92 -8.34, 1.94 -8.33, 2.49 -9.14, -0.93 -11.45))"
11176,16560,43170,0100 | EG,fca6f681cb95c6d27558345684756dc6,138387.0,1451484.0,Wohnen,Balkon,Raum,3.72,ANF,0.0,0.0,2.6,"POLYGON ((4.45 -6.4, 5.15 -7.44, 2.69 -9.1, 2.64 -9.03, 2.62 -9.05, 2.07 -8.24, 2.22 -8.14, 2.11 -7.98, 4.45 -6.4))"
11176,16560,43170,0100 | EG,fca6f681cb95c6d27558345684756dc6,138387.0,1451471.0,Wohnen,Zimmer,Raum,14.13,HNF,1.0,0.0,2.6,"POLYGON ((-5.37 -4.88, -7.33 -1.99, -3.97 0.28, -2.02 -2.61, -5.37 -4.88))"
11176,16560,43170,0100 | EG,fca6f681cb95c6d27558345684756dc6,138387.0,1451469.0,Wohnen,Zimmer,Raum,12.49,HNF,1.0,0.0,2.6,"POLYGON ((-7.28 1.94, -7.29 1.96, -5.79 2.97, -4.06 0.41, -7.42 -1.86, -9.14 0.69, -7.28 1.94))"
11176,16560,43170,0100 | EG,fca6f681cb95c6d27558345684756dc6,138387.0,1451463.0,Wohnen,Zimmer,Raum,10.37,HNF,1.0,0.0,2.6,"POLYGON ((-3.9 -7.07, -5.33 -4.95, -1.97 -2.68, -0.54 -4.8, -3.9 -7.07))"
11176,16560,43170,0100 | EG,fca6f681cb95c6d27558345684756dc6,138387.0,1451474.0,Wohnen,Zimmer,Raum,11.43,HNF,1.0,0.0,2.6,"POLYGON ((-2.36 5.63, -4.32 4.31, -4.33 4.33, -4.74 4.05, -6.97 7.35, -4.6 8.95, -2.36 5.63))"
11176,16560,43170,0100 | EG,fca6f681cb95c6d27558345684756dc6,138387.0,1451460.0,Wohnen,Dusche,Ausstattung,,,,0.0,0.2,"POLYGON ((-7.05 4.25, -7.68 3.83, -8.14 4.51, -7.51 4.93, -7.05 4.25))"
11176,16560,43170,0100 | EG,fca6f681cb95c6d27558345684756dc6,138387.0,1451460.0,Wohnen,Waschbecken,Ausstattung,,,,0.6,0.25,"POLYGON ((-6.8 2.82, -7.21 2.54, -7.54 3.02, -7.12 3.3, -6.8 2.82))"
11176,16560,43170,0100 | EG,fca6f681cb95c6d27558345684756dc6,138387.0,1451460.0,Wohnen,Toilette,Ausstattung,,,,0.0,0.4,"POLYGON ((-7.34 3.74, -7.12 3.41, -7.6 3.09, -7.82 3.41, -7.34 3.74))"
11176,16560,43170,0100 | EG,fca6f681cb95c6d27558345684756dc6,138387.0,1451452.0,Wohnen,Badewanne,Ausstattung,,,,0.0,0.6,"POLYGON ((-8.07 4.73, -8.64 4.35, -9.51 5.63, -8.94 6.01, -8.07 4.73))"
11176,16560,43170,0100 | EG,fca6f681cb95c6d27558345684756dc6,138387.0,1451452.0,Wohnen,Waschbecken,Ausstattung,,,,0.6,0.25,"POLYGON ((-7.4 6.01, -7.12 5.6, -7.6 5.27, -7.88 5.69, -7.4 6.01))"
11176,16560,43170,0100 | EG,fca6f681cb95c6d27558345684756dc6,138387.0,1451452.0,Wohnen,Toilette,Ausstattung,,,,0.0,0.4,"POLYGON ((-7.7 5.2, -8.03 4.98, -8.35 5.46, -8.03 5.68, -7.7 5.2))"
11176,16560,43170,0100 | EG,fca6f681cb95c6d27558345684756dc6,138387.0,1451445.0,Wohnen,Küche,Ausstattung,,HNF,0.0,0.0,0.9,"POLYGON ((4.21 -6.2, 3.69 -6.55, 2.2 -4.34, 2.72 -4, 4.21 -6.2))"
11176,16560,43170,0100 | EG,fca6f681cb95c6d27558345684756dc6,138387.0,1451445.0,Wohnen,Küche,Ausstattung,,HNF,0.0,0.0,0.9,"POLYGON ((2.51 -3.72, 2.82 -4.17, 1.26 -5.22, 0.96 -4.77, 2.51 -3.72))"
11176,16560,43170,0100 | EG,fca6f681cb95c6d27558345684756dc6,138387.0,,Wohnen,Fenster,Öffnung,,,,0.5,1.9,"POLYGON ((-9.06 6.56, -7.68 7.49, -7.39 7.05, -8.77 6.12, -9.06 6.56))"
11176,16560,43170,0100 | EG,fca6f681cb95c6d27558345684756dc6,138387.0,,Wohnen,Fenster,Öffnung,,,,0.5,1.9,"POLYGON ((-6.74 8.13, -5.36 9.06, -5.06 8.62, -6.44 7.69, -6.74 8.13))"
11176,16560,43170,0100 | EG,fca6f681cb95c6d27558345684756dc6,138387.0,,Wohnen,Fenster,Öffnung,,,,0.5,1.9,"POLYGON ((4.3 -6.51, 3.8 -6.84, 3.65 -6.62, 4.14 -6.28, 4.3 -6.51))"
11176,16560,43170,0100 | EG,fca6f681cb95c6d27558345684756dc6,138387.0,,Wohnen,Fenster,Öffnung,,,,0.5,1.9,"POLYGON ((1.99 -7.74, 2.92 -7.11, 3.08 -7.33, 2.14 -7.97, 1.99 -7.74))"
11176,16560,43170,0100 | EG,fca6f681cb95c6d27558345684756dc6,138387.0,,Wohnen,Tür,Öffnung,,,,0.0,2.0,"POLYGON ((3.74 -6.88, 3.12 -7.3, 2.97 -7.08, 3.59 -6.66, 3.74 -6.88))"
11176,16560,43170,0100 | EG,fca6f681cb95c6d27558345684756dc6,138387.0,,Wohnen,Tür,Öffnung,,,,0.0,2.0,"POLYGON ((0.42 -5.66, 0.99 -5.28, 1.03 -5.35, 0.46 -5.73, 0.42 -5.66))"
11176,16560,43170,0100 | EG,fca6f681cb95c6d27558345684756dc6,138387.0,,Wohnen,Fenster,Öffnung,,,,0.5,1.9,"POLYGON ((4.52 -6.03, 5.02 -5.69, 5.17 -5.92, 4.68 -6.25, 4.52 -6.03))"
11176,16560,43170,0100 | EG,fca6f681cb95c6d27558345684756dc6,138387.0,,Wohnen,Tür,Öffnung,,,,0.0,2.0,"POLYGON ((0.26 -3.76, 0.54 -4.18, 0.48 -4.22, 0.2 -3.8, 0.26 -3.76))"
11176,16560,43170,0100 | EG,fca6f681cb95c6d27558345684756dc6,138387.0,,Wohnen,Tür,Öffnung,,,,0.0,2.0,"POLYGON ((-2.29 -1.32, -1.65 -0.88, -1.6 -0.96, -2.24 -1.39, -2.29 -1.32))"
11176,16560,43170,0100 | EG,fca6f681cb95c6d27558345684756dc6,138387.0,,Wohnen,Tür,Öffnung,,,,0.0,2.0,"POLYGON ((-3.8 0.24, -3.36 -0.41, -3.46 -0.48, -3.9 0.17, -3.8 0.24))"
11176,16560,43170,0100 | EG,fca6f681cb95c6d27558345684756dc6,138387.0,,Wohnen,Tür,Öffnung,,,,0.0,2.0,"POLYGON ((-6.24 3.9, -5.91 3.4, -6 3.34, -6.33 3.83, -6.24 3.9))"
11176,16560,43170,0100 | EG,fca6f681cb95c6d27558345684756dc6,138387.0,,Wohnen,Fenster,Öffnung,,,,0.5,1.9,"POLYGON ((-7.91 3.28, -7.52 2.71, -7.95 2.42, -8.33 3, -7.91 3.28))"
11176,16560,43170,0100 | EG,fca6f681cb95c6d27558345684756dc6,138387.0,,Wohnen,Tür,Öffnung,,,,0.0,2.0,"POLYGON ((-0.29 -4.96, 0.16 -5.62, 0.06 -5.69, -0.39 -5.03, -0.29 -4.96))"
11176,16560,43170,0100 | EG,fca6f681cb95c6d27558345684756dc6,138387.0,,Wohnen,Tür,Öffnung,,,,0.0,2.0,"POLYGON ((-4.48 1.25, -4.04 0.6, -4.15 0.54, -4.58 1.18, -4.48 1.25))"
11176,16560,43170,0100 | EG,fca6f681cb95c6d27558345684756dc6,138387.0,,Wohnen,Fenster,Öffnung,,,,0.5,1.9,"POLYGON ((-0.8 -11.35, 2.43 -9.17, 2.62 -9.45, -0.61 -11.63, -0.8 -11.35))"
11176,16560,43170,0100 | EG,fca6f681cb95c6d27558345684756dc6,138387.0,,Wohnen,Fenster,Öffnung,,,,0.5,1.9,"POLYGON ((-6.9 -2.6, -5.82 -4.21, -6.21 -4.48, -7.3 -2.87, -6.9 -2.6))"
11176,16560,43170,0100 | EG,fca6f681cb95c6d27558345684756dc6,138387.0,,Wohnen,Tür,Öffnung,,,,0.0,2.0,"POLYGON ((-1.79 -2.73, -1.34 -3.4, -1.44 -3.47, -1.89 -2.8, -1.79 -2.73))"
11176,16560,43170,0100 | EG,fca6f681cb95c6d27558345684756dc6,138387.0,,Wohnen,Fenster,Öffnung,,,,0.5,1.9,"POLYGON ((-5.24 -5.06, -4.28 -6.48, -4.68 -6.74, -5.64 -5.33, -5.24 -5.06))"
11176,16560,43170,0100 | EG,fca6f681cb95c6d27558345684756dc6,138387.0,,Wohnen,Tür,Öffnung,,,,0.0,2.0,"POLYGON ((-5.25 4.81, -4.81 4.17, -4.94 4.08, -5.37 4.72, -5.25 4.81))"
11176,16560,43170,0100 | EG,fca6f681cb95c6d27558345684756dc6,138387.0,,Wohnen,Fenster,Öffnung,,,,0.5,1.9,"POLYGON ((-8.44 -0.33, -7.47 -1.77, -7.86 -2.04, -8.84 -0.6, -8.44 -0.33))"
11176,16560,43170,0100 | EG,fca6f681cb95c6d27558345684756dc6,138387.0,,Wohnen,Tür,Öffnung,,,,0.0,2.0,"POLYGON ((2.14 -8.32, 2.54 -8.91, 2.4 -9.01, 2 -8.42, 2.14 -8.32))"
11176,16560,43170,0100 | EG,fca6f681cb95c6d27558345684756dc6,138387.0,,Wohnen,Tür,Öffnung,,,,0.0,2.0,"POLYGON ((-6.22 4.62, -5.65 5, -5.59 4.91, -6.16 4.53, -6.22 4.62))"
11176,16560,43170,0100 | EG,fca6f681cb95c6d27558345684756dc6,138387.0,,Wohnen,Fenster,Öffnung,,,,0.5,1.9,"POLYGON ((-1.66 -10.36, -1.35 -10.82, -1.75 -11.09, -2.06 -10.63, -1.66 -10.36))"
11176,16560,43170,0100 | EG,fca6f681cb95c6d27558345684756dc6,138387.0,,Wohnen,Eingangstür,Öffnung,,,,0.0,2.0,"POLYGON ((0.03 -1.96, 0.5 -2.67, 0.39 -2.74, -0.08 -2.04, 0.03 -1.96))"
11176,16560,43170,0100 | EG,1201448a6ae40e8f4c9816a83be3acaa,138391.0,1451490.0,Wohnen,Balkon,Raum,3.69,ANF,0.0,0.0,2.6,"POLYGON ((7.08 -4.85, 7.66 -5.71, 7.7 -5.69, 7.71 -5.71, 5.22 -7.39, 4.52 -6.35, 6.86 -4.77, 6.97 -4.92, 7.08 -4.85))"
11176,16560,43170,0100 | EG,1201448a6ae40e8f4c9816a83be3acaa,138391.0,1451391.0,Wohnen,Zimmer,Raum,10.26,HNF,1.0,0.0,2.6,"POLYGON ((4.88 -1.12, 3.46 0.99, 6.8 3.25, 8.22 1.14, 4.88 -1.12))"
11176,16560,43170,0100 | EG,1201448a6ae40e8f4c9816a83be3acaa,138391.0,1451412.0,Wohnen,Schacht,Raum,0.32,FF,0.0,0.0,2.6,"POLYGON ((0.32 3.34, 1.27 3.98, 1.36 3.84, 1.42 3.75, 0.48 3.11, 0.32 3.34))"
11176,16560,43170,0100 | EG,1201448a6ae40e8f4c9816a83be3acaa,138391.0,1451402.0,Wohnen,Zimmer,Raum,20.67,HNF,1.0,0.0,2.6,"POLYGON ((7.23 -4.59, 4.97 -1.25, 8.31 1.01, 11.17 -3.22, 7.77 -5.52, 7.16 -4.63, 7.23 -4.59))"
11176,16560,43170,0100 | EG,1201448a6ae40e8f4c9816a83be3acaa,138391.0,1451485.0,Wohnen,Schacht,Raum,0.21,FF,0.0,0.0,2.6,"POLYGON ((4.24 -2.41, 3.68 -2.78, 3.51 -2.53, 4.07 -2.15, 4.24 -2.41))"
11176,16560,43170,0100 | EG,1201448a6ae40e8f4c9816a83be3acaa,138391.0,1451454.0,Wohnen,Schacht,Raum,0.19,FF,0.0,0.0,2.6,"POLYGON ((1.46 0.73, 1.93 0.04, 1.74 -0.09, 1.27 0.6, 1.46 0.73))"
11176,16560,43170,0100 | EG,1201448a6ae40e8f4c9816a83be3acaa,138391.0,1451423.0,Wohnen,Badezimmer,Raum,3.83,HNF,0.0,0.0,2.6,"POLYGON ((1.46 3.69, 2.66 1.92, 1.27 0.97, 1.18 0.91, -0.02 2.69, 1.46 3.69))"
11176,16560,43170,0100 | EG,1201448a6ae40e8f4c9816a83be3acaa,138391.0,1451417.0,Wohnen,Korridor,Raum,6.74,HNF,0.0,0.0,2.6,"POLYGON ((2.12 0, 1.58 0.8, 1.57 0.8, 1.46 0.98, 2.72 1.83, 5.48 -2.25, 4.62 -2.83, 3.31 -0.9, 2.7 -1.32, 1.9 -0.14, 2 -0.07, 2.12 0))"
11176,16560,43170,0100 | EG,1201448a6ae40e8f4c9816a83be3acaa,138391.0,1451397.0,Wohnen,Zimmer,Raum,13.57,HNF,1.0,0.0,2.6,"POLYGON ((2.46 4.49, 4.86 6.11, 6.75 3.32, 3.41 1.06, 1.53 3.84, 2.47 4.47, 2.46 4.49))"
11176,16560,43170,0100 | EG,1201448a6ae40e8f4c9816a83be3acaa,138391.0,1451384.0,Wohnen,Küche,Raum,8.6,HNF,0.0,0.0,2.6,"POLYGON ((4.6 -2.94, 4.63 -2.92, 4.64 -2.92, 5.53 -2.32, 6.93 -4.4, 4.44 -6.09, 2.73 -3.55, 3.72 -2.88, 3.72 -2.87, 4.29 -2.48, 4.6 -2.94))"
11176,16560,43170,0100 | EG,1201448a6ae40e8f4c9816a83be3acaa,138391.0,1451487.0,Wohnen,Abstellraum,Raum,0.87,NNF,0.0,0.0,2.6,"POLYGON ((4.02 -2.08, 3.46 -2.46, 2.74 -1.39, 3.3 -1.01, 4.02 -2.08))"
11176,16560,43170,0100 | EG,1201448a6ae40e8f4c9816a83be3acaa,138391.0,1451423.0,Wohnen,Badewanne,Ausstattung,,,,0.0,0.6,"POLYGON ((0.41 2.07, -0.01 2.69, 1.46 3.68, 1.88 3.06, 0.41 2.07))"
11176,16560,43170,0100 | EG,1201448a6ae40e8f4c9816a83be3acaa,138391.0,1451423.0,Wohnen,Waschbecken,Ausstattung,,,,0.6,0.25,"POLYGON ((1.64 1.47, 1.24 1.2, 0.94 1.64, 1.34 1.91, 1.64 1.47))"
11176,16560,43170,0100 | EG,1201448a6ae40e8f4c9816a83be3acaa,138391.0,1451423.0,Wohnen,Toilette,Ausstattung,,,,0.0,0.4,"POLYGON ((1.13 2.39, 1.37 2.04, 0.86 1.7, 0.62 2.05, 1.13 2.39))"
11176,16560,43170,0100 | EG,1201448a6ae40e8f4c9816a83be3acaa,138391.0,1451384.0,Wohnen,Küche,Ausstattung,,HNF,0.0,0.0,0.9,"POLYGON ((4.94 -5.75, 4.45 -6.08, 2.84 -3.7, 3.32 -3.37, 4.94 -5.75))"
11176,16560,43170,0100 | EG,1201448a6ae40e8f4c9816a83be3acaa,138391.0,1451384.0,Wohnen,Küche,Ausstattung,,HNF,0.0,0.0,0.9,"POLYGON ((4.29 -2.5, 4.61 -2.97, 3.06 -4.02, 2.74 -3.54, 4.29 -2.5))"
11176,16560,43170,0100 | EG,1201448a6ae40e8f4c9816a83be3acaa,138391.0,,Wohnen,Fenster,Öffnung,,,,0.5,1.9,"POLYGON ((5.74 -5.2, 6.68 -4.57, 6.83 -4.8, 5.89 -5.43, 5.74 -5.2))"
11176,16560,43170,0100 | EG,1201448a6ae40e8f4c9816a83be3acaa,138391.0,,Wohnen,Tür,Öffnung,,,,0.0,2.0,"POLYGON ((5.05 -1.37, 5.5 -2.03, 5.38 -2.11, 4.93 -1.45, 5.05 -1.37))"
11176,16560,43170,0100 | EG,1201448a6ae40e8f4c9816a83be3acaa,138391.0,,Wohnen,Tür,Öffnung,,,,0.0,2.0,"POLYGON ((7.3 -4.83, 7.7 -5.42, 7.53 -5.53, 7.13 -4.94, 7.3 -4.83))"
11176,16560,43170,0100 | EG,1201448a6ae40e8f4c9816a83be3acaa,138391.0,,Wohnen,Fenster,Öffnung,,,,0.5,1.9,"POLYGON ((4.3 -6.51, 3.8 -6.84, 3.65 -6.62, 4.14 -6.28, 4.3 -6.51))"
11176,16560,43170,0100 | EG,1201448a6ae40e8f4c9816a83be3acaa,138391.0,,Wohnen,Tür,Öffnung,,,,0.0,2.0,"POLYGON ((1.87 1.39, 2.45 1.77, 2.51 1.69, 1.93 1.3, 1.87 1.39))"
11176,16560,43170,0100 | EG,1201448a6ae40e8f4c9816a83be3acaa,138391.0,,Wohnen,Fenster,Öffnung,,,,0.5,1.9,"POLYGON ((5.71 5.74, 6.62 4.39, 6.2 4.11, 5.29 5.46, 5.71 5.74))"
11176,16560,43170,0100 | EG,1201448a6ae40e8f4c9816a83be3acaa,138391.0,,Wohnen,Tür,Öffnung,,,,0.0,2.0,"POLYGON ((5.1 -5.64, 5.65 -5.27, 5.8 -5.49, 5.25 -5.86, 5.1 -5.64))"
11176,16560,43170,0100 | EG,1201448a6ae40e8f4c9816a83be3acaa,138391.0,,Wohnen,Fenster,Öffnung,,,,0.5,1.9,"POLYGON ((7.29 3.41, 8.2 2.05, 7.78 1.77, 6.87 3.12, 7.29 3.41))"
11176,16560,43170,0100 | EG,1201448a6ae40e8f4c9816a83be3acaa,138391.0,,Wohnen,Tür,Öffnung,,,,0.0,2.0,"POLYGON ((3.7 -1.46, 4 -1.91, 3.94 -1.95, 3.63 -1.51, 3.7 -1.46))"
11176,16560,43170,0100 | EG,1201448a6ae40e8f4c9816a83be3acaa,138391.0,,Wohnen,Fenster,Öffnung,,,,0.5,1.9,"POLYGON ((7.95 -5.39, 10.93 -3.38, 11.14 -3.69, 8.17 -5.7, 7.95 -5.39))"
11176,16560,43170,0100 | EG,1201448a6ae40e8f4c9816a83be3acaa,138391.0,,Wohnen,Fenster,Öffnung,,,,0.5,1.9,"POLYGON ((4.52 -6.03, 5.02 -5.69, 5.17 -5.92, 4.68 -6.25, 4.52 -6.03))"
11176,16560,43170,0100 | EG,1201448a6ae40e8f4c9816a83be3acaa,138391.0,,Wohnen,Tür,Öffnung,,,,0.0,2.0,"POLYGON ((4.77 -2.73, 5.34 -2.35, 5.39 -2.42, 4.82 -2.8, 4.77 -2.73))"
11176,16560,43170,0100 | EG,1201448a6ae40e8f4c9816a83be3acaa,138391.0,,Wohnen,Tür,Öffnung,,,,0.0,2.0,"POLYGON ((2.98 1.71, 3.33 1.18, 3.21 1.1, 2.85 1.63, 2.98 1.71))"
11176,16560,43170,0100 | EG,1201448a6ae40e8f4c9816a83be3acaa,138391.0,,Wohnen,Fenster,Öffnung,,,,0.5,1.9,"POLYGON ((10.87 -1.89, 11.18 -2.36, 10.77 -2.64, 10.45 -2.17, 10.87 -1.89))"
11176,16560,43170,0100 | EG,1201448a6ae40e8f4c9816a83be3acaa,138391.0,,Wohnen,Eingangstür,Öffnung,,,,0.0,2.0,"POLYGON ((2.15 -0.5, 2.62 -1.2, 2.5 -1.29, 2.02 -0.59, 2.15 -0.5))"
11176,16560,43170,0100 | EG,1201448a6ae40e8f4c9816a83be3acaa,138391.0,,Wohnen,Tür,Öffnung,,,,0.0,2.0,"POLYGON ((3.58 0.82, 4 0.19, 3.88 0.11, 3.46 0.73, 3.58 0.82))"
11176,16560,43174,0105 | 05 OG,1de29de054545dd43f33abf23623fb99,138395.0,1451050.0,Wohnen,Balkon,Raum,3.6,ANF,0.0,14.5,2.6,"POLYGON ((4.34 5.81, 4.35 5.79, 3.42 5.15, 1.87 7.43, 2.08 7.58, 2 7.69, 2.77 8.2, 2.76 8.21, 2.83 8.26, 4.44 5.88, 4.34 5.81))"
11176,16560,43174,0105 | 05 OG,1de29de054545dd43f33abf23623fb99,138395.0,1451195.0,Wohnen,Küche,Raum,10.01,HNF,0.0,14.5,2.6,"POLYGON ((1.68 7.31, 1.7 7.32, 3.32 4.94, 0.69 3.17, -1.08 5.78, 1.52 7.55, 1.68 7.31))"
11176,16560,43174,0105 | 05 OG,1de29de054545dd43f33abf23623fb99,138395.0,1451212.0,Wohnen,Zimmer,Raum,12.04,HNF,1.0,14.5,2.6,"POLYGON ((-4.02 -0.04, -7.29 -2.25, -8.96 0.21, -7.37 1.29, -7.36 1.28, -7 1.52, -7.11 1.69, -5.8 2.58, -4.02 -0.04))"
11176,16560,43174,0105 | 05 OG,1de29de054545dd43f33abf23623fb99,138395.0,1451191.0,Wohnen,Zimmer,Raum,9.77,HNF,1.0,14.5,2.6,"POLYGON ((-2.33 5.07, -4.39 3.68, -6.6 6.93, -4.54 8.32, -2.33 5.07))"
11176,16560,43174,0105 | 05 OG,1de29de054545dd43f33abf23623fb99,138395.0,1451179.0,Wohnen,Badezimmer,Raum,3.38,HNF,0.0,14.5,2.6,"POLYGON ((-3.94 0.03, -5.04 1.65, -3.61 2.62, -3.3 2.16, -2.51 1, -3.94 0.03))"
11176,16560,43174,0105 | 05 OG,1de29de054545dd43f33abf23623fb99,138395.0,1451110.0,Wohnen,Badezimmer,Raum,2.11,HNF,0.0,14.5,2.6,"POLYGON ((-0.48 4.75, 0.58 3.19, -0.36 2.56, -1 3.5, -0.97 3.52, -1.39 4.13, -0.48 4.75))"
11176,16560,43174,0105 | 05 OG,1de29de054545dd43f33abf23623fb99,138395.0,1451203.0,Wohnen,Abstellraum,Raum,0.69,NNF,0.0,14.5,2.6,"POLYGON ((-3.23 2.21, -3.55 2.67, -2.53 3.36, -2.21 2.9, -3.19 2.23, -3.23 2.21))"
11176,16560,43174,0105 | 05 OG,1de29de054545dd43f33abf23623fb99,138395.0,1451157.0,Wohnen,Korridor,Raum,6.96,HNF,0.0,14.5,2.6,"POLYGON ((-1.5 4.15, -1.14 3.62, -2.14 2.94, -2.51 3.47, -2.57 3.43, -2.57 3.42, -5.08 1.71, -5.71 2.64, -1.15 5.74, -0.52 4.81, -1.47 4.17, -1.5 4.15))"
11176,16560,43174,0105 | 05 OG,1de29de054545dd43f33abf23623fb99,138395.0,1451082.0,Wohnen,Wohnküche,Raum,22.98,HNF,0.5,14.5,2.6,"POLYGON ((1.77 7.77, 1.73 7.83, -2.23 5.14, -4.43 8.4, 0.39 11.67, 0.5 11.51, 2.63 8.36, 1.89 7.85, 1.77 7.77))"
11176,16560,43174,0105 | 05 OG,1de29de054545dd43f33abf23623fb99,138395.0,1451215.0,Wohnen,Zimmer,Raum,12.89,HNF,1.0,14.5,2.6,"POLYGON ((-4.46 3.63, -7.18 1.79, -9.38 5.04, -6.66 6.88, -4.46 3.63))"
11176,16560,43174,0105 | 05 OG,1de29de054545dd43f33abf23623fb99,138395.0,1451195.0,Wohnen,Küche,Ausstattung,,HNF,0.0,14.5,0.9,"POLYGON ((0.97 3.8, 0.49 3.48, -0.41 4.79, 0.07 5.12, 0.97 3.8))"
11176,16560,43174,0105 | 05 OG,1de29de054545dd43f33abf23623fb99,138395.0,1451195.0,Wohnen,Küche,Ausstattung,,HNF,0.0,14.5,0.9,"POLYGON ((2.94 5.4, 3.27 4.91, 0.7 3.17, 0.37 3.66, 2.94 5.4))"
11176,16560,43174,0105 | 05 OG,1de29de054545dd43f33abf23623fb99,138395.0,1451179.0,Wohnen,Waschbecken,Ausstattung,,,,15.1,0.25,"POLYGON ((-3.11 1.64, -3.5 1.38, -3.78 1.8, -3.4 2.07, -3.11 1.64))"
11176,16560,43174,0105 | 05 OG,1de29de054545dd43f33abf23623fb99,138395.0,1451179.0,Wohnen,Badewanne,Ausstattung,,,,14.5,0.6,"POLYGON ((-2.91 1.59, -2.51 1, -3.83 0.11, -4.23 0.7, -2.91 1.59))"
11176,16560,43174,0105 | 05 OG,1de29de054545dd43f33abf23623fb99,138395.0,1451110.0,Wohnen,Toilette,Ausstattung,,,,14.5,0.4,"POLYGON ((0.29 3.01, -0.06 2.77, -0.36 3.22, -0.02 3.45, 0.29 3.01))"
11176,16560,43174,0105 | 05 OG,1de29de054545dd43f33abf23623fb99,138395.0,1451110.0,Wohnen,Waschbecken,Ausstattung,,,,15.1,0.25,"POLYGON ((-0.49 3.6, -0.81 3.39, -1.07 3.78, -0.76 3.99, -0.49 3.6))"
11176,16560,43174,0105 | 05 OG,1de29de054545dd43f33abf23623fb99,138395.0,,Wohnen,Fenster,Öffnung,,,,15.0,1.9,"POLYGON ((-8.28 -0.76, -7.35 -2.14, -7.75 -2.41, -8.68 -1.03, -8.28 -0.76))"
11176,16560,43174,0105 | 05 OG,1de29de054545dd43f33abf23623fb99,138395.0,,Wohnen,Eingangstür,Öffnung,,,,14.5,2.0,"POLYGON ((-2.01 3.03, -1.4 3.45, -1.32 3.33, -1.93 2.91, -2.01 3.03))"
11176,16560,43174,0105 | 05 OG,1de29de054545dd43f33abf23623fb99,138395.0,,Wohnen,Tür,Öffnung,,,,14.5,2.0,"POLYGON ((-5.56 2.42, -5.15 1.81, -5.23 1.75, -5.65 2.36, -5.56 2.42))"
11176,16560,43174,0105 | 05 OG,1de29de054545dd43f33abf23623fb99,138395.0,,Wohnen,Tür,Öffnung,,,,14.5,2.0,"POLYGON ((2.62 6.33, 3.04 5.72, 2.87 5.6, 2.45 6.21, 2.62 6.33))"
11176,16560,43174,0105 | 05 OG,1de29de054545dd43f33abf23623fb99,138395.0,,Wohnen,Fenster,Öffnung,,,,15.0,1.9,"POLYGON ((-6.69 7.44, -5.3 8.38, -5.03 7.98, -6.41 7.04, -6.69 7.44))"
11176,16560,43174,0105 | 05 OG,1de29de054545dd43f33abf23623fb99,138395.0,,Wohnen,Fenster,Öffnung,,,,15.0,1.9,"POLYGON ((1.95 7.32, 2.56 6.42, 2.39 6.3, 1.78 7.2, 1.95 7.32))"
11176,16560,43174,0105 | 05 OG,1de29de054545dd43f33abf23623fb99,138395.0,,Wohnen,Tür,Öffnung,,,,14.5,2.0,"POLYGON ((-1.13 4.4, -0.62 4.75, -0.57 4.68, -1.08 4.34, -1.13 4.4))"
11176,16560,43174,0105 | 05 OG,1de29de054545dd43f33abf23623fb99,138395.0,,Wohnen,Tür,Öffnung,,,,14.5,2.0,"POLYGON ((1.91 7.88, 2.52 8.29, 2.64 8.11, 2.03 7.7, 1.91 7.88))"
11176,16560,43174,0105 | 05 OG,1de29de054545dd43f33abf23623fb99,138395.0,,Wohnen,Tür,Öffnung,,,,14.5,2.0,"POLYGON ((-2.11 5.22, -1.5 5.64, -1.44 5.54, -2.05 5.13, -2.11 5.22))"
11176,16560,43174,0105 | 05 OG,1de29de054545dd43f33abf23623fb99,138395.0,,Wohnen,Fenster,Öffnung,,,,15.0,1.9,"POLYGON ((0.84 11.65, 2.79 8.78, 2.48 8.57, 0.54 11.44, 0.84 11.65))"
11176,16560,43174,0105 | 05 OG,1de29de054545dd43f33abf23623fb99,138395.0,,Wohnen,Fenster,Öffnung,,,,15.0,1.9,"POLYGON ((3.11 5.61, 3.39 5.19, 3.22 5.08, 2.94 5.5, 3.11 5.61))"
11176,16560,43174,0105 | 05 OG,1de29de054545dd43f33abf23623fb99,138395.0,,Wohnen,Tür,Öffnung,,,,14.5,2.0,"POLYGON ((-4.21 3.8, -3.6 4.21, -3.53 4.12, -4.14 3.7, -4.21 3.8))"
11176,16560,43174,0105 | 05 OG,1de29de054545dd43f33abf23623fb99,138395.0,,Wohnen,Tür,Öffnung,,,,14.5,2.0,"POLYGON ((-4.91 1.82, -4.36 2.2, -4.32 2.14, -4.88 1.77, -4.91 1.82))"
11176,16560,43174,0105 | 05 OG,1de29de054545dd43f33abf23623fb99,138395.0,,Wohnen,Tür,Öffnung,,,,14.5,2.0,"POLYGON ((-3.35 2.88, -2.97 3.15, -2.93 3.09, -3.31 2.83, -3.35 2.88))"
11176,16560,43174,0105 | 05 OG,1de29de054545dd43f33abf23623fb99,138395.0,,Wohnen,Fenster,Öffnung,,,,15.0,1.9,"POLYGON ((-8.96 5.9, -7.59 6.83, -7.31 6.43, -8.68 5.5, -8.96 5.9))"
11176,16560,43174,0105 | 05 OG,1de29de054545dd43f33abf23623fb99,138395.0,,Wohnen,Tür,Öffnung,,,,14.5,2.0,"POLYGON ((-0.93 5.56, -0.52 4.95, -0.58 4.9, -1 5.51, -0.93 5.56))"
11176,16560,43174,0105 | 05 OG,1de29de054545dd43f33abf23623fb99,138395.0,,Wohnen,Tür,Öffnung,,,,14.5,2.0,"POLYGON ((-5.18 3.14, -4.57 3.56, -4.5 3.46, -5.11 3.05, -5.18 3.14))"
11176,16560,43174,0105 | 05 OG,1de29de054545dd43f33abf23623fb99,138395.0,,Wohnen,Fenster,Öffnung,,,,15.0,1.9,"POLYGON ((-0.91 11.36, -0.45 11.67, -0.17 11.27, -0.64 10.96, -0.91 11.36))"
11176,16560,43174,0105 | 05 OG,d5e79b4c9f166e44da90fc0ae1f9efb9,138397.0,1451170.0,Wohnen,Abstellraum,Raum,0.8,NNF,0.0,14.5,2.6,"POLYGON ((-0.15 -3.61, 0.37 -3.25, 1.08 -4.29, 0.56 -4.65, -0.15 -3.61))"
11176,16560,43174,0105 | 05 OG,d5e79b4c9f166e44da90fc0ae1f9efb9,138397.0,1451165.0,Wohnen,Küche,Raum,8.15,HNF,0.0,14.5,2.6,"POLYGON ((0.81 -5.02, 1.33 -4.67, 1.34 -4.67, 1.41 -4.62, 2.32 -4.01, 4 -6.48, 1.58 -8.12, 0.2 -6.1, 1.12 -5.47, 1.08 -5.41, 0.81 -5.02))"
11176,16560,43174,0105 | 05 OG,d5e79b4c9f166e44da90fc0ae1f9efb9,138397.0,1451185.0,Wohnen,Korridor,Raum,6.71,HNF,0.0,14.5,2.6,"POLYGON ((-0.26 -3.61, 1 -5.46, 0.16 -6.03, -2.54 -2.04, -1.11 -1.07, 0.33 -3.19, -0.25 -3.58, -0.24 -3.59, -0.26 -3.61))"
11176,16560,43174,0105 | 05 OG,d5e79b4c9f166e44da90fc0ae1f9efb9,138397.0,1451188.0,Wohnen,Schacht,Raum,0.11,FF,0.0,14.5,2.6,"POLYGON ((-3.19 0.45, -3.12 0.34, -3.81 -0.13, -3.88 -0.02, -3.19 0.45))"
11176,16560,43174,0105 | 05 OG,d5e79b4c9f166e44da90fc0ae1f9efb9,138397.0,1451207.0,Wohnen,Zimmer,Raum,19.55,HNF,1.0,14.5,2.6,"POLYGON ((-0.99 -11.53, -3.79 -7.4, -0.56 -5.21, 1.64 -8.46, 1.71 -8.42, 2.31 -9.29, -0.99 -11.53))"
11176,16560,43174,0105 | 05 OG,d5e79b4c9f166e44da90fc0ae1f9efb9,138397.0,1451197.0,Wohnen,Balkon,Raum,3.57,ANF,0.0,14.5,2.6,"POLYGON ((4.18 -6.62, 4.88 -7.65, 2.52 -9.26, 2.47 -9.18, 2.44 -9.2, 1.93 -8.44, 2.06 -8.35, 1.92 -8.15, 4.18 -6.62))"
11176,16560,43174,0105 | 05 OG,d5e79b4c9f166e44da90fc0ae1f9efb9,138397.0,1451208.0,Wohnen,Zimmer,Raum,9.66,HNF,1.0,14.5,2.6,"POLYGON ((-3.86 -7.3, -5.25 -5.26, -2.02 -3.06, -0.63 -5.11, -3.86 -7.3))"
11176,16560,43174,0105 | 05 OG,d5e79b4c9f166e44da90fc0ae1f9efb9,138397.0,1451199.0,Wohnen,Schacht,Raum,0.02,FF,0.0,14.5,2.6,"POLYGON ((-2.47 0.94, -2.4 0.83, -2.55 0.73, -2.63 0.84, -2.47 0.94))"
11176,16560,43174,0105 | 05 OG,d5e79b4c9f166e44da90fc0ae1f9efb9,138397.0,1451181.0,Wohnen,Badezimmer,Raum,3.66,HNF,0.0,14.5,2.6,"POLYGON ((-2.6 -1.96, -3.79 -0.21, -2.35 0.76, -1.17 -0.99, -2.6 -1.96))"
11176,16560,43174,0105 | 05 OG,d5e79b4c9f166e44da90fc0ae1f9efb9,138397.0,1451175.0,Wohnen,Schacht,Raum,0.18,FF,0.0,14.5,2.6,"POLYGON ((1.13 -4.37, 1.29 -4.61, 0.77 -4.96, 0.61 -4.73, 1.13 -4.37))"
11176,16560,43174,0105 | 05 OG,d5e79b4c9f166e44da90fc0ae1f9efb9,138397.0,1451210.0,Wohnen,Zimmer,Raum,12.92,HNF,1.0,14.5,2.6,"POLYGON ((-5.3 -5.17, -7.16 -2.43, -3.93 -0.24, -2.07 -2.98, -5.3 -5.17))"
11176,16560,43174,0105 | 05 OG,d5e79b4c9f166e44da90fc0ae1f9efb9,138397.0,1451165.0,Wohnen,Küche,Ausstattung,,HNF,0.0,14.5,0.9,"POLYGON ((2.31 -4.03, 2.61 -4.48, 1.13 -5.48, 0.82 -5.03, 2.31 -4.03))"
11176,16560,43174,0105 | 05 OG,d5e79b4c9f166e44da90fc0ae1f9efb9,138397.0,1451165.0,Wohnen,Küche,Ausstattung,,HNF,0.0,14.5,0.9,"POLYGON ((3.98 -6.46, 3.49 -6.79, 1.85 -4.37, 2.34 -4.04, 3.98 -6.46))"
11176,16560,43174,0105 | 05 OG,d5e79b4c9f166e44da90fc0ae1f9efb9,138397.0,1451181.0,Wohnen,Badewanne,Ausstattung,,,,14.5,0.6,"POLYGON ((-2.35 0.76, -1.96 0.19, -3.4 -0.78, -3.78 -0.21, -2.35 0.76))"
11176,16560,43174,0105 | 05 OG,d5e79b4c9f166e44da90fc0ae1f9efb9,138397.0,1451181.0,Wohnen,Toilette,Ausstattung,,,,14.5,0.4,"POLYGON ((-2 -0.07, -1.78 -0.39, -2.23 -0.7, -2.45 -0.37, -2 -0.07))"
11176,16560,43174,0105 | 05 OG,d5e79b4c9f166e44da90fc0ae1f9efb9,138397.0,1451181.0,Wohnen,Waschbecken,Ausstattung,,,,15.1,0.25,"POLYGON ((-1.41 -0.94, -1.8 -1.2, -2.09 -0.78, -1.7 -0.51, -1.41 -0.94))"
11176,16560,43174,0105 | 05 OG,d5e79b4c9f166e44da90fc0ae1f9efb9,138397.0,,Wohnen,Tür,Öffnung,,,,14.5,2.0,"POLYGON ((2.84 -7.26, 3.41 -6.87, 3.54 -7.06, 2.96 -7.45, 2.84 -7.26))"
11176,16560,43174,0105 | 05 OG,d5e79b4c9f166e44da90fc0ae1f9efb9,138397.0,,Wohnen,Tür,Öffnung,,,,14.5,2.0,"POLYGON ((-0.37 -5.25, 0.05 -5.86, -0.07 -5.94, -0.49 -5.33, -0.37 -5.25))"
11176,16560,43174,0105 | 05 OG,d5e79b4c9f166e44da90fc0ae1f9efb9,138397.0,,Wohnen,Tür,Öffnung,,,,14.5,2.0,"POLYGON ((0.17 -4.07, 0.48 -4.52, 0.4 -4.58, 0.09 -4.12, 0.17 -4.07))"
11176,16560,43174,0105 | 05 OG,d5e79b4c9f166e44da90fc0ae1f9efb9,138397.0,,Wohnen,Tür,Öffnung,,,,14.5,2.0,"POLYGON ((1.97 -8.49, 2.37 -9.09, 2.23 -9.18, 1.83 -8.59, 1.97 -8.49))"
11176,16560,43174,0105 | 05 OG,d5e79b4c9f166e44da90fc0ae1f9efb9,138397.0,,Wohnen,Tür,Öffnung,,,,14.5,2.0,"POLYGON ((-1.79 -3.16, -1.37 -3.77, -1.49 -3.85, -1.9 -3.24, -1.79 -3.16))"
11176,16560,43174,0105 | 05 OG,d5e79b4c9f166e44da90fc0ae1f9efb9,138397.0,,Wohnen,Fenster,Öffnung,,,,15.0,1.9,"POLYGON ((4.29 -6.28, 4.75 -5.97, 4.88 -6.15, 4.42 -6.46, 4.29 -6.28))"
11176,16560,43174,0105 | 05 OG,d5e79b4c9f166e44da90fc0ae1f9efb9,138397.0,,Wohnen,Tür,Öffnung,,,,14.5,2.0,"POLYGON ((-2.45 -2.17, -2.04 -2.78, -2.16 -2.86, -2.57 -2.25, -2.45 -2.17))"
11176,16560,43174,0105 | 05 OG,d5e79b4c9f166e44da90fc0ae1f9efb9,138397.0,,Wohnen,Tür,Öffnung,,,,14.5,2.0,"POLYGON ((0.33 -5.92, 0.84 -5.57, 0.89 -5.63, 0.37 -5.98, 0.33 -5.92))"
11176,16560,43174,0105 | 05 OG,d5e79b4c9f166e44da90fc0ae1f9efb9,138397.0,,Wohnen,Fenster,Öffnung,,,,15.0,1.9,"POLYGON ((1.89 -7.9, 2.77 -7.31, 2.9 -7.49, 2.02 -8.09, 1.89 -7.9))"
11176,16560,43174,0105 | 05 OG,d5e79b4c9f166e44da90fc0ae1f9efb9,138397.0,,Wohnen,Eingangstür,Öffnung,,,,14.5,2.0,"POLYGON ((-0.11 -2.3, 0.36 -3, 0.25 -3.07, -0.22 -2.38, -0.11 -2.3))"
11176,16560,43174,0105 | 05 OG,d5e79b4c9f166e44da90fc0ae1f9efb9,138397.0,,Wohnen,Tür,Öffnung,,,,14.5,2.0,"POLYGON ((-2.38 -1.81, -1.83 -1.44, -1.77 -1.52, -2.32 -1.9, -2.38 -1.81))"
11176,16560,43174,0105 | 05 OG,d5e79b4c9f166e44da90fc0ae1f9efb9,138397.0,,Wohnen,Fenster,Öffnung,,,,15.0,1.9,"POLYGON ((-6.73 -3.05, -5.79 -4.43, -6.19 -4.7, -7.13 -3.32, -6.73 -3.05))"
11176,16560,43174,0105 | 05 OG,d5e79b4c9f166e44da90fc0ae1f9efb9,138397.0,,Wohnen,Fenster,Öffnung,,,,15.0,1.9,"POLYGON ((-5.18 -5.34, -4.28 -6.66, -4.68 -6.93, -5.57 -5.61, -5.18 -5.34))"
11176,16560,43174,0105 | 05 OG,d5e79b4c9f166e44da90fc0ae1f9efb9,138397.0,,Wohnen,Fenster,Öffnung,,,,15.0,1.9,"POLYGON ((-0.78 -11.38, 2.16 -9.38, 2.35 -9.66, -0.59 -11.66, -0.78 -11.38))"
11176,16560,43174,0105 | 05 OG,d5e79b4c9f166e44da90fc0ae1f9efb9,138397.0,,Wohnen,Fenster,Öffnung,,,,15.0,1.9,"POLYGON ((3.45 -6.85, 3.91 -6.54, 4.04 -6.72, 3.57 -7.04, 3.45 -6.85))"
11176,16560,43174,0105 | 05 OG,d5e79b4c9f166e44da90fc0ae1f9efb9,138397.0,,Wohnen,Fenster,Öffnung,,,,15.0,1.9,"POLYGON ((-1.71 -10.46, -1.4 -10.91, -1.8 -11.19, -2.11 -10.73, -1.71 -10.46))"
11176,16560,43174,0105 | 05 OG,f34e389282876a1409b9d54d732c17a9,138400.0,1451103.0,Wohnen,Korridor,Raum,6.33,HNF,0.0,14.5,2.6,"POLYGON ((1.3 0.5, 2.53 1.34, 5.21 -2.6, 4.38 -3.17, 3.12 -1.32, 3.11 -1.31, 2.51 -1.71, 1.75 -0.59, 1.95 -0.45, 1.94 -0.42, 1.39 0.4, 1.38 0.39, 1.3 0.5))"
11176,16560,43174,0105 | 05 OG,f34e389282876a1409b9d54d732c17a9,138400.0,1451124.0,Wohnen,Schacht,Raum,0.19,FF,0.0,14.5,2.6,"POLYGON ((3.47 -3.13, 3.3 -2.88, 3.83 -2.53, 4 -2.77, 3.47 -3.13))"
11176,16560,43174,0105 | 05 OG,f34e389282876a1409b9d54d732c17a9,138400.0,1451129.0,Wohnen,Küche,Raum,8.16,HNF,0.0,14.5,2.6,"POLYGON ((4.41 -3.22, 4.42 -3.23, 5.25 -2.67, 6.63 -4.7, 4.21 -6.34, 2.53 -3.86, 3.47 -3.22, 3.47 -3.21, 3.49 -3.19, 3.5 -3.2, 4.04 -2.84, 4.34 -3.28, 4.41 -3.22))"
11176,16560,43174,0105 | 05 OG,f34e389282876a1409b9d54d732c17a9,138400.0,1451060.0,Wohnen,Zimmer,Raum,12.58,HNF,1.0,14.5,2.6,"POLYGON ((4.57 5.46, 6.39 2.78, 3.18 0.6, 1.36 3.28, 3.5 4.74, 4.57 5.46))"
11176,16560,43174,0105 | 05 OG,f34e389282876a1409b9d54d732c17a9,138400.0,1451117.0,Wohnen,Abstellraum,Raum,0.8,NNF,0.0,14.5,2.6,"POLYGON ((2.55 -1.78, 3.08 -1.42, 3.78 -2.46, 3.26 -2.82, 2.61 -1.86, 2.55 -1.78))"
11176,16560,43174,0105 | 05 OG,f34e389282876a1409b9d54d732c17a9,138400.0,1451135.0,Wohnen,Balkon,Raum,3.56,ANF,0.0,14.5,2.6,"POLYGON ((6.78 -5.14, 7.3 -5.9, 7.28 -5.92, 7.33 -5.99, 4.97 -7.6, 4.27 -6.56, 6.52 -5.03, 6.65 -5.23, 6.78 -5.14))"
11176,16560,43174,0105 | 05 OG,f34e389282876a1409b9d54d732c17a9,138400.0,1451075.0,Wohnen,Zimmer,Raum,19.46,HNF,1.0,14.5,2.6,"POLYGON ((6.92 -4.91, 4.7 -1.63, 7.91 0.55, 10.71 -3.59, 7.43 -5.81, 6.91 -5.05, 6.94 -5.03, 6.87 -4.94, 6.92 -4.91))"
11176,16560,43174,0105 | 05 OG,f34e389282876a1409b9d54d732c17a9,138400.0,1451139.0,Wohnen,Schacht,Raum,0.18,FF,0.0,14.5,2.6,"POLYGON ((1.12 0.21, 1.13 0.2, 1.29 0.3, 1.77 -0.41, 1.6 -0.53, 1.1 0.19, 1.12 0.21))"
11176,16560,43174,0105 | 05 OG,f34e389282876a1409b9d54d732c17a9,138400.0,1451096.0,Wohnen,Badezimmer,Raum,3.6,HNF,0.0,14.5,2.6,"POLYGON ((1.32 3.13, 2.49 1.41, 1.26 0.57, 1.25 0.58, 1.05 0.44, -0.11 2.16, 1.32 3.13))"
11176,16560,43174,0105 | 05 OG,f34e389282876a1409b9d54d732c17a9,138400.0,1451066.0,Wohnen,Zimmer,Raum,9.61,HNF,1.0,14.5,2.6,"POLYGON ((6.46 2.68, 7.85 0.63, 4.64 -1.55, 3.25 0.5, 6.46 2.68))"
11176,16560,43174,0105 | 05 OG,f34e389282876a1409b9d54d732c17a9,138400.0,1451089.0,Wohnen,Schacht,Raum,0.6,FF,0.0,14.5,2.6,"POLYGON ((0.61 3.14, 0.62 3.12, 0.63 3.12, 0.67 3.05, 3.39 4.9, 3.42 4.85, 1.21 3.35, 1.18 3.33, 1.28 3.19, -0.15 2.22, -0.17 2.25, 0.24 2.52, 0.16 2.65, -0.25 2.37, -0.33 2.48, -0.31 2.49, -0.33 2.51, 0.61 3.14))"
11176,16560,43174,0105 | 05 OG,f34e389282876a1409b9d54d732c17a9,138400.0,1451129.0,Wohnen,Küche,Ausstattung,,HNF,0.0,14.5,0.9,"POLYGON ((4.67 -5.98, 4.19 -6.31, 2.74 -4.17, 3.22 -3.85, 4.67 -5.98))"
11176,16560,43174,0105 | 05 OG,f34e389282876a1409b9d54d732c17a9,138400.0,1451129.0,Wohnen,Küche,Ausstattung,,HNF,0.0,14.5,0.9,"POLYGON ((4.04 -2.84, 4.35 -3.31, 2.86 -4.32, 2.55 -3.85, 4.04 -2.84))"
11176,16560,43174,0105 | 05 OG,f34e389282876a1409b9d54d732c17a9,138400.0,1451096.0,Wohnen,Waschbecken,Ausstattung,,,,15.1,0.25,"POLYGON ((1.53 0.92, 1.12 0.65, 0.78 1.15, 1.19 1.43, 1.53 0.92))"
11176,16560,43174,0105 | 05 OG,f34e389282876a1409b9d54d732c17a9,138400.0,1451096.0,Wohnen,Toilette,Ausstattung,,,,14.5,0.4,"POLYGON ((0.93 1.89, 1.17 1.54, 0.72 1.23, 0.48 1.58, 0.93 1.89))"
11176,16560,43174,0105 | 05 OG,f34e389282876a1409b9d54d732c17a9,138400.0,1451096.0,Wohnen,Badewanne,Ausstattung,,,,14.5,0.6,"POLYGON ((1.32 3.13, 1.72 2.54, 0.29 1.57, -0.11 2.16, 1.32 3.13))"
11176,16560,43174,0105 | 05 OG,f34e389282876a1409b9d54d732c17a9,138400.0,,Wohnen,Fenster,Öffnung,,,,15.0,1.9,"POLYGON ((3.45 -6.85, 3.91 -6.54, 4.04 -6.72, 3.57 -7.04, 3.45 -6.85))"
11176,16560,43174,0105 | 05 OG,f34e389282876a1409b9d54d732c17a9,138400.0,,Wohnen,Fenster,Öffnung,,,,15.0,1.9,"POLYGON ((10.35 -2.18, 10.68 -2.66, 10.26 -2.94, 9.93 -2.46, 10.35 -2.18))"
11176,16560,43174,0105 | 05 OG,f34e389282876a1409b9d54d732c17a9,138400.0,,Wohnen,Tür,Öffnung,,,,14.5,2.0,"POLYGON ((2.7 1.31, 3.12 0.7, 3.01 0.63, 2.6 1.24, 2.7 1.31))"
11176,16560,43174,0105 | 05 OG,f34e389282876a1409b9d54d732c17a9,138400.0,,Wohnen,Fenster,Öffnung,,,,15.0,1.9,"POLYGON ((7.6 -5.69, 10.57 -3.67, 10.79 -3.98, 7.81 -6, 7.6 -5.69))"
11176,16560,43174,0105 | 05 OG,f34e389282876a1409b9d54d732c17a9,138400.0,,Wohnen,Fenster,Öffnung,,,,15.0,1.9,"POLYGON ((3.11 5.61, 3.39 5.19, 3.22 5.08, 2.94 5.5, 3.11 5.61))"
11176,16560,43174,0105 | 05 OG,f34e389282876a1409b9d54d732c17a9,138400.0,,Wohnen,Fenster,Öffnung,,,,15.0,1.9,"POLYGON ((4.29 -6.28, 4.75 -5.97, 4.88 -6.15, 4.42 -6.46, 4.29 -6.28))"
11176,16560,43174,0105 | 05 OG,f34e389282876a1409b9d54d732c17a9,138400.0,,Wohnen,Fenster,Öffnung,,,,15.0,1.9,"POLYGON ((6.93 2.87, 7.85 1.52, 7.43 1.23, 6.51 2.59, 6.93 2.87))"
11176,16560,43174,0105 | 05 OG,f34e389282876a1409b9d54d732c17a9,138400.0,,Wohnen,Tür,Öffnung,,,,14.5,2.0,"POLYGON ((3.38 0.32, 3.79 -0.29, 3.69 -0.37, 3.27 0.25, 3.38 0.32))"
11176,16560,43174,0105 | 05 OG,f34e389282876a1409b9d54d732c17a9,138400.0,,Wohnen,Tür,Öffnung,,,,14.5,2.0,"POLYGON ((6.93 -5.06, 7.33 -5.65, 7.19 -5.75, 6.79 -5.16, 6.93 -5.06))"
11176,16560,43174,0105 | 05 OG,f34e389282876a1409b9d54d732c17a9,138400.0,,Wohnen,Eingangstür,Öffnung,,,,14.5,2.0,"POLYGON ((1.99 -0.96, 2.44 -1.61, 2.32 -1.68, 1.88 -1.03, 1.99 -0.96))"
11176,16560,43174,0105 | 05 OG,f34e389282876a1409b9d54d732c17a9,138400.0,,Wohnen,Tür,Öffnung,,,,14.5,2.0,"POLYGON ((1.71 0.88, 2.24 1.24, 2.29 1.17, 1.76 0.81, 1.71 0.88))"
11176,16560,43174,0105 | 05 OG,f34e389282876a1409b9d54d732c17a9,138400.0,,Wohnen,Tür,Öffnung,,,,14.5,2.0,"POLYGON ((4.81 -5.92, 5.4 -5.52, 5.53 -5.71, 4.94 -6.11, 4.81 -5.92))"
11176,16560,43174,0105 | 05 OG,f34e389282876a1409b9d54d732c17a9,138400.0,,Wohnen,Fenster,Öffnung,,,,15.0,1.9,"POLYGON ((5.38 5.16, 6.29 3.8, 5.88 3.52, 4.96 4.87, 5.38 5.16))"
11176,16560,43174,0105 | 05 OG,f34e389282876a1409b9d54d732c17a9,138400.0,,Wohnen,Tür,Öffnung,,,,14.5,2.0,"POLYGON ((3.47 -1.83, 3.76 -2.26, 3.68 -2.32, 3.39 -1.89, 3.47 -1.83))"
11176,16560,43174,0105 | 05 OG,f34e389282876a1409b9d54d732c17a9,138400.0,,Wohnen,Tür,Öffnung,,,,14.5,2.0,"POLYGON ((4.79 -1.76, 5.2 -2.37, 5.09 -2.44, 4.68 -1.83, 4.79 -1.76))"
11176,16560,43174,0105 | 05 OG,f34e389282876a1409b9d54d732c17a9,138400.0,,Wohnen,Fenster,Öffnung,,,,15.0,1.9,"POLYGON ((5.52 -5.45, 6.36 -4.87, 6.49 -5.06, 5.64 -5.63, 5.52 -5.45))"
11176,16560,43174,0105 | 05 OG,f34e389282876a1409b9d54d732c17a9,138400.0,,Wohnen,Tür,Öffnung,,,,14.5,2.0,"POLYGON ((4.53 -3.06, 5.05 -2.71, 5.09 -2.78, 4.57 -3.13, 4.53 -3.06))"
11176,16560,43178,0102 | 02 OG,6620227a3a6729bfa328289a0b2ea42e,138404.0,1451195.0,Wohnen,Küche,Raum,10.01,HNF,0.0,5.8,2.6,"POLYGON ((1.68 7.31, 1.7 7.32, 3.32 4.94, 0.69 3.17, -1.08 5.78, 1.52 7.55, 1.68 7.31))"
11176,16560,43178,0102 | 02 OG,6620227a3a6729bfa328289a0b2ea42e,138404.0,1451110.0,Wohnen,Badezimmer,Raum,2.11,HNF,0.0,5.8,2.6,"POLYGON ((-0.48 4.75, 0.58 3.19, -0.36 2.56, -1 3.5, -0.97 3.52, -1.39 4.13, -0.48 4.75))"
11176,16560,43178,0102 | 02 OG,6620227a3a6729bfa328289a0b2ea42e,138404.0,1451203.0,Wohnen,Abstellraum,Raum,0.69,NNF,0.0,5.8,2.6,"POLYGON ((-3.23 2.21, -3.55 2.67, -2.53 3.36, -2.21 2.9, -3.19 2.23, -3.23 2.21))"
11176,16560,43178,0102 | 02 OG,6620227a3a6729bfa328289a0b2ea42e,138404.0,1451191.0,Wohnen,Zimmer,Raum,9.77,HNF,1.0,5.8,2.6,"POLYGON ((-2.33 5.07, -4.39 3.68, -6.6 6.93, -4.54 8.32, -2.33 5.07))"
11176,16560,43178,0102 | 02 OG,6620227a3a6729bfa328289a0b2ea42e,138404.0,1451215.0,Wohnen,Zimmer,Raum,12.89,HNF,1.0,5.8,2.6,"POLYGON ((-4.46 3.63, -7.18 1.79, -9.38 5.04, -6.66 6.88, -4.46 3.63))"
11176,16560,43178,0102 | 02 OG,6620227a3a6729bfa328289a0b2ea42e,138404.0,1451050.0,Wohnen,Balkon,Raum,3.6,ANF,0.0,5.8,2.6,"POLYGON ((4.34 5.81, 4.35 5.79, 3.42 5.15, 1.87 7.43, 2.08 7.58, 2 7.69, 2.77 8.2, 2.76 8.21, 2.83 8.26, 4.44 5.88, 4.34 5.81))"
11176,16560,43178,0102 | 02 OG,6620227a3a6729bfa328289a0b2ea42e,138404.0,1451157.0,Wohnen,Korridor,Raum,6.96,HNF,0.0,5.8,2.6,"POLYGON ((-1.5 4.15, -1.14 3.62, -2.14 2.94, -2.51 3.47, -2.57 3.43, -2.57 3.42, -5.08 1.71, -5.71 2.64, -1.15 5.74, -0.52 4.81, -1.47 4.17, -1.5 4.15))"
11176,16560,43178,0102 | 02 OG,6620227a3a6729bfa328289a0b2ea42e,138404.0,1451179.0,Wohnen,Badezimmer,Raum,3.38,HNF,0.0,5.8,2.6,"POLYGON ((-3.94 0.03, -5.04 1.65, -3.61 2.62, -3.3 2.16, -2.51 1, -3.94 0.03))"
11176,16560,43178,0102 | 02 OG,6620227a3a6729bfa328289a0b2ea42e,138404.0,1451212.0,Wohnen,Zimmer,Raum,12.04,HNF,1.0,5.8,2.6,"POLYGON ((-4.02 -0.04, -7.29 -2.25, -8.96 0.21, -7.37 1.29, -7.36 1.28, -7 1.52, -7.11 1.69, -5.8 2.58, -4.02 -0.04))"
11176,16560,43178,0102 | 02 OG,6620227a3a6729bfa328289a0b2ea42e,138404.0,1451082.0,Wohnen,Wohnküche,Raum,22.98,HNF,0.5,5.8,2.6,"POLYGON ((1.77 7.77, 1.73 7.83, -2.23 5.14, -4.43 8.4, 0.39 11.67, 0.5 11.51, 2.63 8.36, 1.89 7.85, 1.77 7.77))"
11176,16560,43178,0102 | 02 OG,6620227a3a6729bfa328289a0b2ea42e,138404.0,1451195.0,Wohnen,Küche,Ausstattung,,HNF,0.0,5.8,0.9,"POLYGON ((0.97 3.8, 0.49 3.48, -0.41 4.79, 0.07 5.12, 0.97 3.8))"
11176,16560,43178,0102 | 02 OG,6620227a3a6729bfa328289a0b2ea42e,138404.0,1451195.0,Wohnen,Küche,Ausstattung,,HNF,0.0,5.8,0.9,"POLYGON ((2.94 5.4, 3.27 4.91, 0.7 3.17, 0.37 3.66, 2.94 5.4))"
11176,16560,43178,0102 | 02 OG,6620227a3a6729bfa328289a0b2ea42e,138404.0,1451110.0,Wohnen,Toilette,Ausstattung,,,,5.8,0.4,"POLYGON ((0.29 3.01, -0.06 2.77, -0.36 3.22, -0.02 3.45, 0.29 3.01))"
11176,16560,43178,0102 | 02 OG,6620227a3a6729bfa328289a0b2ea42e,138404.0,1451110.0,Wohnen,Waschbecken,Ausstattung,,,,6.3999999999999995,0.25,"POLYGON ((-0.49 3.6, -0.81 3.39, -1.07 3.78, -0.76 3.99, -0.49 3.6))"
11176,16560,43178,0102 | 02 OG,6620227a3a6729bfa328289a0b2ea42e,138404.0,1451179.0,Wohnen,Waschbecken,Ausstattung,,,,6.3999999999999995,0.25,"POLYGON ((-3.11 1.64, -3.5 1.38, -3.78 1.8, -3.4 2.07, -3.11 1.64))"
11176,16560,43178,0102 | 02 OG,6620227a3a6729bfa328289a0b2ea42e,138404.0,1451179.0,Wohnen,Badewanne,Ausstattung,,,,5.8,0.6,"POLYGON ((-2.91 1.59, -2.51 1, -3.83 0.11, -4.23 0.7, -2.91 1.59))"
11176,16560,43178,0102 | 02 OG,6620227a3a6729bfa328289a0b2ea42e,138404.0,,Wohnen,Tür,Öffnung,,,,5.8,2.0,"POLYGON ((2.62 6.33, 3.04 5.72, 2.87 5.6, 2.45 6.21, 2.62 6.33))"
11176,16560,43178,0102 | 02 OG,6620227a3a6729bfa328289a0b2ea42e,138404.0,,Wohnen,Fenster,Öffnung,,,,6.3,1.9,"POLYGON ((-6.69 7.44, -5.3 8.38, -5.03 7.98, -6.41 7.04, -6.69 7.44))"
11176,16560,43178,0102 | 02 OG,6620227a3a6729bfa328289a0b2ea42e,138404.0,,Wohnen,Tür,Öffnung,,,,5.8,2.0,"POLYGON ((-5.56 2.42, -5.15 1.81, -5.23 1.75, -5.65 2.36, -5.56 2.42))"
11176,16560,43178,0102 | 02 OG,6620227a3a6729bfa328289a0b2ea42e,138404.0,,Wohnen,Fenster,Öffnung,,,,6.3,1.9,"POLYGON ((1.95 7.32, 2.56 6.42, 2.39 6.3, 1.78 7.2, 1.95 7.32))"
11176,16560,43178,0102 | 02 OG,6620227a3a6729bfa328289a0b2ea42e,138404.0,,Wohnen,Tür,Öffnung,,,,5.8,2.0,"POLYGON ((-2.11 5.22, -1.5 5.64, -1.44 5.54, -2.05 5.13, -2.11 5.22))"
11176,16560,43178,0102 | 02 OG,6620227a3a6729bfa328289a0b2ea42e,138404.0,,Wohnen,Tür,Öffnung,,,,5.8,2.0,"POLYGON ((1.91 7.88, 2.52 8.29, 2.64 8.11, 2.03 7.7, 1.91 7.88))"
11176,16560,43178,0102 | 02 OG,6620227a3a6729bfa328289a0b2ea42e,138404.0,,Wohnen,Tür,Öffnung,,,,5.8,2.0,"POLYGON ((-1.13 4.4, -0.62 4.75, -0.57 4.68, -1.08 4.34, -1.13 4.4))"
11176,16560,43178,0102 | 02 OG,6620227a3a6729bfa328289a0b2ea42e,138404.0,,Wohnen,Tür,Öffnung,,,,5.8,2.0,"POLYGON ((-3.35 2.88, -2.97 3.15, -2.93 3.09, -3.31 2.83, -3.35 2.88))"
11176,16560,43178,0102 | 02 OG,6620227a3a6729bfa328289a0b2ea42e,138404.0,,Wohnen,Fenster,Öffnung,,,,6.3,1.9,"POLYGON ((0.84 11.65, 2.79 8.78, 2.48 8.57, 0.54 11.44, 0.84 11.65))"
11176,16560,43178,0102 | 02 OG,6620227a3a6729bfa328289a0b2ea42e,138404.0,,Wohnen,Tür,Öffnung,,,,5.8,2.0,"POLYGON ((-4.21 3.8, -3.6 4.21, -3.53 4.12, -4.14 3.7, -4.21 3.8))"
11176,16560,43178,0102 | 02 OG,6620227a3a6729bfa328289a0b2ea42e,138404.0,,Wohnen,Fenster,Öffnung,,,,6.3,1.9,"POLYGON ((3.11 5.61, 3.39 5.19, 3.22 5.08, 2.94 5.5, 3.11 5.61))"
11176,16560,43178,0102 | 02 OG,6620227a3a6729bfa328289a0b2ea42e,138404.0,,Wohnen,Tür,Öffnung,,,,5.8,2.0,"POLYGON ((-4.91 1.82, -4.36 2.2, -4.32 2.14, -4.88 1.77, -4.91 1.82))"
11176,16560,43178,0102 | 02 OG,6620227a3a6729bfa328289a0b2ea42e,138404.0,,Wohnen,Tür,Öffnung,,,,5.8,2.0,"POLYGON ((-5.18 3.14, -4.57 3.56, -4.5 3.46, -5.11 3.05, -5.18 3.14))"
11176,16560,43178,0102 | 02 OG,6620227a3a6729bfa328289a0b2ea42e,138404.0,,Wohnen,Fenster,Öffnung,,,,6.3,1.9,"POLYGON ((-8.96 5.9, -7.59 6.83, -7.31 6.43, -8.68 5.5, -8.96 5.9))"
11176,16560,43178,0102 | 02 OG,6620227a3a6729bfa328289a0b2ea42e,138404.0,,Wohnen,Fenster,Öffnung,,,,6.3,1.9,"POLYGON ((-8.28 -0.76, -7.35 -2.14, -7.75 -2.41, -8.68 -1.03, -8.28 -0.76))"
11176,16560,43178,0102 | 02 OG,6620227a3a6729bfa328289a0b2ea42e,138404.0,,Wohnen,Fenster,Öffnung,,,,6.3,1.9,"POLYGON ((-0.91 11.36, -0.45 11.67, -0.17 11.27, -0.64 10.96, -0.91 11.36))"
11176,16560,43178,0102 | 02 OG,6620227a3a6729bfa328289a0b2ea42e,138404.0,,Wohnen,Tür,Öffnung,,,,5.8,2.0,"POLYGON ((-0.93 5.56, -0.52 4.95, -0.58 4.9, -1 5.51, -0.93 5.56))"
11176,16560,43178,0102 | 02 OG,6620227a3a6729bfa328289a0b2ea42e,138404.0,,Wohnen,Eingangstür,Öffnung,,,,5.8,2.0,"POLYGON ((-2.01 3.03, -1.4 3.45, -1.32 3.33, -1.93 2.91, -2.01 3.03))"
11176,16560,43178,0102 | 02 OG,da5a8f958bed7bf7af70678f811eecc2,138409.0,1451188.0,Wohnen,Schacht,Raum,0.11,FF,0.0,5.8,2.6,"POLYGON ((-3.19 0.45, -3.12 0.34, -3.81 -0.13, -3.88 -0.02, -3.19 0.45))"
11176,16560,43178,0102 | 02 OG,da5a8f958bed7bf7af70678f811eecc2,138409.0,1451170.0,Wohnen,Abstellraum,Raum,0.8,NNF,0.0,5.8,2.6,"POLYGON ((-0.15 -3.61, 0.37 -3.25, 1.08 -4.29, 0.56 -4.65, -0.15 -3.61))"
11176,16560,43178,0102 | 02 OG,da5a8f958bed7bf7af70678f811eecc2,138409.0,1451210.0,Wohnen,Zimmer,Raum,12.92,HNF,1.0,5.8,2.6,"POLYGON ((-5.3 -5.17, -7.16 -2.43, -3.93 -0.24, -2.07 -2.98, -5.3 -5.17))"
11176,16560,43178,0102 | 02 OG,da5a8f958bed7bf7af70678f811eecc2,138409.0,1451165.0,Wohnen,Küche,Raum,8.15,HNF,0.0,5.8,2.6,"POLYGON ((0.81 -5.02, 1.33 -4.67, 1.34 -4.67, 1.41 -4.62, 2.32 -4.01, 4 -6.48, 1.58 -8.12, 0.2 -6.1, 1.12 -5.47, 1.08 -5.41, 0.81 -5.02))"
11176,16560,43178,0102 | 02 OG,da5a8f958bed7bf7af70678f811eecc2,138409.0,1451181.0,Wohnen,Badezimmer,Raum,3.66,HNF,0.0,5.8,2.6,"POLYGON ((-2.6 -1.96, -3.79 -0.21, -2.35 0.76, -1.17 -0.99, -2.6 -1.96))"
11176,16560,43178,0102 | 02 OG,da5a8f958bed7bf7af70678f811eecc2,138409.0,1451185.0,Wohnen,Korridor,Raum,6.71,HNF,0.0,5.8,2.6,"POLYGON ((-0.26 -3.61, 1 -5.46, 0.16 -6.03, -2.54 -2.04, -1.11 -1.07, 0.33 -3.19, -0.25 -3.58, -0.24 -3.59, -0.26 -3.61))"
11176,16560,43178,0102 | 02 OG,da5a8f958bed7bf7af70678f811eecc2,138409.0,1451207.0,Wohnen,Zimmer,Raum,19.55,HNF,1.0,5.8,2.6,"POLYGON ((-0.99 -11.53, -3.79 -7.4, -0.56 -5.21, 1.64 -8.46, 1.71 -8.42, 2.31 -9.29, -0.99 -11.53))"
11176,16560,43178,0102 | 02 OG,da5a8f958bed7bf7af70678f811eecc2,138409.0,1451197.0,Wohnen,Balkon,Raum,3.57,ANF,0.0,5.8,2.6,"POLYGON ((4.18 -6.62, 4.88 -7.65, 2.52 -9.26, 2.47 -9.18, 2.44 -9.2, 1.93 -8.44, 2.06 -8.35, 1.92 -8.15, 4.18 -6.62))"
11176,16560,43178,0102 | 02 OG,da5a8f958bed7bf7af70678f811eecc2,138409.0,1451208.0,Wohnen,Zimmer,Raum,9.66,HNF,1.0,5.8,2.6,"POLYGON ((-3.86 -7.3, -5.25 -5.26, -2.02 -3.06, -0.63 -5.11, -3.86 -7.3))"
11176,16560,43178,0102 | 02 OG,da5a8f958bed7bf7af70678f811eecc2,138409.0,1451199.0,Wohnen,Schacht,Raum,0.02,FF,0.0,5.8,2.6,"POLYGON ((-2.47 0.94, -2.4 0.83, -2.55 0.73, -2.63 0.84, -2.47 0.94))"
11176,16560,43178,0102 | 02 OG,da5a8f958bed7bf7af70678f811eecc2,138409.0,1451175.0,Wohnen,Schacht,Raum,0.18,FF,0.0,5.8,2.6,"POLYGON ((1.13 -4.37, 1.29 -4.61, 0.77 -4.96, 0.61 -4.73, 1.13 -4.37))"
11176,16560,43178,0102 | 02 OG,da5a8f958bed7bf7af70678f811eecc2,138409.0,1451165.0,Wohnen,Küche,Ausstattung,,HNF,0.0,5.8,0.9,"POLYGON ((2.31 -4.03, 2.61 -4.48, 1.13 -5.48, 0.82 -5.03, 2.31 -4.03))"
11176,16560,43178,0102 | 02 OG,da5a8f958bed7bf7af70678f811eecc2,138409.0,1451165.0,Wohnen,Küche,Ausstattung,,HNF,0.0,5.8,0.9,"POLYGON ((3.98 -6.46, 3.49 -6.79, 1.85 -4.37, 2.34 -4.04, 3.98 -6.46))"
11176,16560,43178,0102 | 02 OG,da5a8f958bed7bf7af70678f811eecc2,138409.0,1451181.0,Wohnen,Badewanne,Ausstattung,,,,5.8,0.6,"POLYGON ((-2.35 0.76, -1.96 0.19, -3.4 -0.78, -3.78 -0.21, -2.35 0.76))"
11176,16560,43178,0102 | 02 OG,da5a8f958bed7bf7af70678f811eecc2,138409.0,1451181.0,Wohnen,Toilette,Ausstattung,,,,5.8,0.4,"POLYGON ((-2 -0.07, -1.78 -0.39, -2.23 -0.7, -2.45 -0.37, -2 -0.07))"
11176,16560,43178,0102 | 02 OG,da5a8f958bed7bf7af70678f811eecc2,138409.0,1451181.0,Wohnen,Waschbecken,Ausstattung,,,,6.3999999999999995,0.25,"POLYGON ((-1.41 -0.94, -1.8 -1.2, -2.09 -0.78, -1.7 -0.51, -1.41 -0.94))"
11176,16560,43178,0102 | 02 OG,da5a8f958bed7bf7af70678f811eecc2,138409.0,,Wohnen,Fenster,Öffnung,,,,6.3,1.9,"POLYGON ((-6.73 -3.05, -5.79 -4.43, -6.19 -4.7, -7.13 -3.32, -6.73 -3.05))"
11176,16560,43178,0102 | 02 OG,da5a8f958bed7bf7af70678f811eecc2,138409.0,,Wohnen,Tür,Öffnung,,,,5.8,2.0,"POLYGON ((-1.79 -3.16, -1.37 -3.77, -1.49 -3.85, -1.9 -3.24, -1.79 -3.16))"
11176,16560,43178,0102 | 02 OG,da5a8f958bed7bf7af70678f811eecc2,138409.0,,Wohnen,Fenster,Öffnung,,,,6.3,1.9,"POLYGON ((-5.18 -5.34, -4.28 -6.66, -4.68 -6.93, -5.57 -5.61, -5.18 -5.34))"
11176,16560,43178,0102 | 02 OG,da5a8f958bed7bf7af70678f811eecc2,138409.0,,Wohnen,Fenster,Öffnung,,,,6.3,1.9,"POLYGON ((1.89 -7.9, 2.77 -7.31, 2.9 -7.49, 2.02 -8.09, 1.89 -7.9))"
11176,16560,43178,0102 | 02 OG,da5a8f958bed7bf7af70678f811eecc2,138409.0,,Wohnen,Fenster,Öffnung,,,,6.3,1.9,"POLYGON ((-0.78 -11.38, 2.16 -9.38, 2.35 -9.66, -0.59 -11.66, -0.78 -11.38))"
11176,16560,43178,0102 | 02 OG,da5a8f958bed7bf7af70678f811eecc2,138409.0,,Wohnen,Fenster,Öffnung,,,,6.3,1.9,"POLYGON ((3.45 -6.85, 3.91 -6.54, 4.04 -6.72, 3.57 -7.04, 3.45 -6.85))"
11176,16560,43178,0102 | 02 OG,da5a8f958bed7bf7af70678f811eecc2,138409.0,,Wohnen,Tür,Öffnung,,,,5.8,2.0,"POLYGON ((-0.37 -5.25, 0.05 -5.86, -0.07 -5.94, -0.49 -5.33, -0.37 -5.25))"
11176,16560,43178,0102 | 02 OG,da5a8f958bed7bf7af70678f811eecc2,138409.0,,Wohnen,Tür,Öffnung,,,,5.8,2.0,"POLYGON ((1.97 -8.49, 2.37 -9.09, 2.23 -9.18, 1.83 -8.59, 1.97 -8.49))"
11176,16560,43178,0102 | 02 OG,da5a8f958bed7bf7af70678f811eecc2,138409.0,,Wohnen,Eingangstür,Öffnung,,,,5.8,2.0,"POLYGON ((-0.11 -2.3, 0.36 -3, 0.25 -3.07, -0.22 -2.38, -0.11 -2.3))"
11176,16560,43178,0102 | 02 OG,da5a8f958bed7bf7af70678f811eecc2,138409.0,,Wohnen,Fenster,Öffnung,,,,6.3,1.9,"POLYGON ((-1.71 -10.46, -1.4 -10.91, -1.8 -11.19, -2.11 -10.73, -1.71 -10.46))"
11176,16560,43178,0102 | 02 OG,da5a8f958bed7bf7af70678f811eecc2,138409.0,,Wohnen,Tür,Öffnung,,,,5.8,2.0,"POLYGON ((2.84 -7.26, 3.41 -6.87, 3.54 -7.06, 2.96 -7.45, 2.84 -7.26))"
11176,16560,43178,0102 | 02 OG,da5a8f958bed7bf7af70678f811eecc2,138409.0,,Wohnen,Tür,Öffnung,,,,5.8,2.0,"POLYGON ((0.17 -4.07, 0.48 -4.52, 0.4 -4.58, 0.09 -4.12, 0.17 -4.07))"
11176,16560,43178,0102 | 02 OG,da5a8f958bed7bf7af70678f811eecc2,138409.0,,Wohnen,Tür,Öffnung,,,,5.8,2.0,"POLYGON ((-2.45 -2.17, -2.04 -2.78, -2.16 -2.86, -2.57 -2.25, -2.45 -2.17))"
11176,16560,43178,0102 | 02 OG,da5a8f958bed7bf7af70678f811eecc2,138409.0,,Wohnen,Tür,Öffnung,,,,5.8,2.0,"POLYGON ((0.33 -5.92, 0.84 -5.57, 0.89 -5.63, 0.37 -5.98, 0.33 -5.92))"
11176,16560,43178,0102 | 02 OG,da5a8f958bed7bf7af70678f811eecc2,138409.0,,Wohnen,Fenster,Öffnung,,,,6.3,1.9,"POLYGON ((4.29 -6.28, 4.75 -5.97, 4.88 -6.15, 4.42 -6.46, 4.29 -6.28))"
11176,16560,43178,0102 | 02 OG,da5a8f958bed7bf7af70678f811eecc2,138409.0,,Wohnen,Tür,Öffnung,,,,5.8,2.0,"POLYGON ((-2.38 -1.81, -1.83 -1.44, -1.77 -1.52, -2.32 -1.9, -2.38 -1.81))"
11176,16560,43178,0102 | 02 OG,ac06440c399bf02bfc4c038914beede1,138411.0,1451066.0,Wohnen,Zimmer,Raum,9.61,HNF,1.0,5.8,2.6,"POLYGON ((6.46 2.68, 7.85 0.63, 4.64 -1.55, 3.25 0.5, 6.46 2.68))"
11176,16560,43178,0102 | 02 OG,ac06440c399bf02bfc4c038914beede1,138411.0,1451060.0,Wohnen,Zimmer,Raum,12.58,HNF,1.0,5.8,2.6,"POLYGON ((4.57 5.46, 6.39 2.78, 3.18 0.6, 1.36 3.28, 3.5 4.74, 4.57 5.46))"
11176,16560,43178,0102 | 02 OG,ac06440c399bf02bfc4c038914beede1,138411.0,1451089.0,Wohnen,Schacht,Raum,0.6,FF,0.0,5.8,2.6,"POLYGON ((0.61 3.14, 0.62 3.12, 0.63 3.12, 0.67 3.05, 3.39 4.9, 3.42 4.85, 1.21 3.35, 1.18 3.33, 1.28 3.19, -0.15 2.22, -0.17 2.25, 0.24 2.52, 0.16 2.65, -0.25 2.37, -0.33 2.48, -0.31 2.49, -0.33 2.51, 0.61 3.14))"
11176,16560,43178,0102 | 02 OG,ac06440c399bf02bfc4c038914beede1,138411.0,1451103.0,Wohnen,Korridor,Raum,6.33,HNF,0.0,5.8,2.6,"POLYGON ((1.3 0.5, 2.53 1.34, 5.21 -2.6, 4.38 -3.17, 3.12 -1.32, 3.11 -1.31, 2.51 -1.71, 1.75 -0.59, 1.95 -0.45, 1.94 -0.42, 1.39 0.4, 1.38 0.39, 1.3 0.5))"
11176,16560,43178,0102 | 02 OG,ac06440c399bf02bfc4c038914beede1,138411.0,1451124.0,Wohnen,Schacht,Raum,0.19,FF,0.0,5.8,2.6,"POLYGON ((3.47 -3.13, 3.3 -2.88, 3.83 -2.53, 4 -2.77, 3.47 -3.13))"
11176,16560,43178,0102 | 02 OG,ac06440c399bf02bfc4c038914beede1,138411.0,1451129.0,Wohnen,Küche,Raum,8.16,HNF,0.0,5.8,2.6,"POLYGON ((4.41 -3.22, 4.42 -3.23, 5.25 -2.67, 6.63 -4.7, 4.21 -6.34, 2.53 -3.86, 3.47 -3.22, 3.47 -3.21, 3.49 -3.19, 3.5 -3.2, 4.04 -2.84, 4.34 -3.28, 4.41 -3.22))"
11176,16560,43178,0102 | 02 OG,ac06440c399bf02bfc4c038914beede1,138411.0,1451117.0,Wohnen,Abstellraum,Raum,0.8,NNF,0.0,5.8,2.6,"POLYGON ((2.55 -1.78, 3.08 -1.42, 3.78 -2.46, 3.26 -2.82, 2.61 -1.86, 2.55 -1.78))"
11176,16560,43178,0102 | 02 OG,ac06440c399bf02bfc4c038914beede1,138411.0,1451135.0,Wohnen,Balkon,Raum,3.56,ANF,0.0,5.8,2.6,"POLYGON ((6.78 -5.14, 7.3 -5.9, 7.28 -5.92, 7.33 -5.99, 4.97 -7.6, 4.27 -6.56, 6.52 -5.03, 6.65 -5.23, 6.78 -5.14))"
11176,16560,43178,0102 | 02 OG,ac06440c399bf02bfc4c038914beede1,138411.0,1451075.0,Wohnen,Zimmer,Raum,19.46,HNF,1.0,5.8,2.6,"POLYGON ((6.92 -4.91, 4.7 -1.63, 7.91 0.55, 10.71 -3.59, 7.43 -5.81, 6.91 -5.05, 6.94 -5.03, 6.87 -4.94, 6.92 -4.91))"
11176,16560,43178,0102 | 02 OG,ac06440c399bf02bfc4c038914beede1,138411.0,1451139.0,Wohnen,Schacht,Raum,0.18,FF,0.0,5.8,2.6,"POLYGON ((1.12 0.21, 1.13 0.2, 1.29 0.3, 1.77 -0.41, 1.6 -0.53, 1.1 0.19, 1.12 0.21))"
11176,16560,43178,0102 | 02 OG,ac06440c399bf02bfc4c038914beede1,138411.0,1451096.0,Wohnen,Badezimmer,Raum,3.6,HNF,0.0,5.8,2.6,"POLYGON ((1.32 3.13, 2.49 1.41, 1.26 0.57, 1.25 0.58, 1.05 0.44, -0.11 2.16, 1.32 3.13))"
11176,16560,43178,0102 | 02 OG,ac06440c399bf02bfc4c038914beede1,138411.0,1451129.0,Wohnen,Küche,Ausstattung,,HNF,0.0,5.8,0.9,"POLYGON ((4.67 -5.98, 4.19 -6.31, 2.74 -4.17, 3.22 -3.85, 4.67 -5.98))"
11176,16560,43178,0102 | 02 OG,ac06440c399bf02bfc4c038914beede1,138411.0,1451129.0,Wohnen,Küche,Ausstattung,,HNF,0.0,5.8,0.9,"POLYGON ((4.04 -2.84, 4.35 -3.31, 2.86 -4.32, 2.55 -3.85, 4.04 -2.84))"
11176,16560,43178,0102 | 02 OG,ac06440c399bf02bfc4c038914beede1,138411.0,1451096.0,Wohnen,Waschbecken,Ausstattung,,,,6.3999999999999995,0.25,"POLYGON ((1.53 0.92, 1.12 0.65, 0.78 1.15, 1.19 1.43, 1.53 0.92))"
11176,16560,43178,0102 | 02 OG,ac06440c399bf02bfc4c038914beede1,138411.0,1451096.0,Wohnen,Toilette,Ausstattung,,,,5.8,0.4,"POLYGON ((0.93 1.89, 1.17 1.54, 0.72 1.23, 0.48 1.58, 0.93 1.89))"
11176,16560,43178,0102 | 02 OG,ac06440c399bf02bfc4c038914beede1,138411.0,1451096.0,Wohnen,Badewanne,Ausstattung,,,,5.8,0.6,"POLYGON ((1.32 3.13, 1.72 2.54, 0.29 1.57, -0.11 2.16, 1.32 3.13))"
11176,16560,43178,0102 | 02 OG,ac06440c399bf02bfc4c038914beede1,138411.0,,Wohnen,Tür,Öffnung,,,,5.8,2.0,"POLYGON ((4.81 -5.92, 5.4 -5.52, 5.53 -5.71, 4.94 -6.11, 4.81 -5.92))"
11176,16560,43178,0102 | 02 OG,ac06440c399bf02bfc4c038914beede1,138411.0,,Wohnen,Eingangstür,Öffnung,,,,5.8,2.0,"POLYGON ((1.99 -0.96, 2.44 -1.61, 2.32 -1.68, 1.88 -1.03, 1.99 -0.96))"
11176,16560,43178,0102 | 02 OG,ac06440c399bf02bfc4c038914beede1,138411.0,,Wohnen,Tür,Öffnung,,,,5.8,2.0,"POLYGON ((3.47 -1.83, 3.76 -2.26, 3.68 -2.32, 3.39 -1.89, 3.47 -1.83))"
11176,16560,43178,0102 | 02 OG,ac06440c399bf02bfc4c038914beede1,138411.0,,Wohnen,Tür,Öffnung,,,,5.8,2.0,"POLYGON ((4.79 -1.76, 5.2 -2.37, 5.09 -2.44, 4.68 -1.83, 4.79 -1.76))"
11176,16560,43178,0102 | 02 OG,ac06440c399bf02bfc4c038914beede1,138411.0,,Wohnen,Tür,Öffnung,,,,5.8,2.0,"POLYGON ((1.71 0.88, 2.24 1.24, 2.29 1.17, 1.76 0.81, 1.71 0.88))"
11176,16560,43178,0102 | 02 OG,ac06440c399bf02bfc4c038914beede1,138411.0,,Wohnen,Fenster,Öffnung,,,,6.3,1.9,"POLYGON ((5.52 -5.45, 6.36 -4.87, 6.49 -5.06, 5.64 -5.63, 5.52 -5.45))"
11176,16560,43178,0102 | 02 OG,ac06440c399bf02bfc4c038914beede1,138411.0,,Wohnen,Fenster,Öffnung,,,,6.3,1.9,"POLYGON ((3.11 5.61, 3.39 5.19, 3.22 5.08, 2.94 5.5, 3.11 5.61))"
11176,16560,43178,0102 | 02 OG,ac06440c399bf02bfc4c038914beede1,138411.0,,Wohnen,Fenster,Öffnung,,,,6.3,1.9,"POLYGON ((4.29 -6.28, 4.75 -5.97, 4.88 -6.15, 4.42 -6.46, 4.29 -6.28))"
11176,16560,43178,0102 | 02 OG,ac06440c399bf02bfc4c038914beede1,138411.0,,Wohnen,Tür,Öffnung,,,,5.8,2.0,"POLYGON ((4.53 -3.06, 5.05 -2.71, 5.09 -2.78, 4.57 -3.13, 4.53 -3.06))"
11176,16560,43178,0102 | 02 OG,ac06440c399bf02bfc4c038914beede1,138411.0,,Wohnen,Fenster,Öffnung,,,,6.3,1.9,"POLYGON ((10.35 -2.18, 10.68 -2.66, 10.26 -2.94, 9.93 -2.46, 10.35 -2.18))"
11176,16560,43178,0102 | 02 OG,ac06440c399bf02bfc4c038914beede1,138411.0,,Wohnen,Fenster,Öffnung,,,,6.3,1.9,"POLYGON ((3.45 -6.85, 3.91 -6.54, 4.04 -6.72, 3.57 -7.04, 3.45 -6.85))"
11176,16560,43178,0102 | 02 OG,ac06440c399bf02bfc4c038914beede1,138411.0,,Wohnen,Tür,Öffnung,,,,5.8,2.0,"POLYGON ((2.7 1.31, 3.12 0.7, 3.01 0.63, 2.6 1.24, 2.7 1.31))"
11176,16560,43178,0102 | 02 OG,ac06440c399bf02bfc4c038914beede1,138411.0,,Wohnen,Tür,Öffnung,,,,5.8,2.0,"POLYGON ((6.93 -5.06, 7.33 -5.65, 7.19 -5.75, 6.79 -5.16, 6.93 -5.06))"
11176,16560,43178,0102 | 02 OG,ac06440c399bf02bfc4c038914beede1,138411.0,,Wohnen,Fenster,Öffnung,,,,6.3,1.9,"POLYGON ((6.93 2.87, 7.85 1.52, 7.43 1.23, 6.51 2.59, 6.93 2.87))"
11176,16560,43178,0102 | 02 OG,ac06440c399bf02bfc4c038914beede1,138411.0,,Wohnen,Fenster,Öffnung,,,,6.3,1.9,"POLYGON ((7.6 -5.69, 10.57 -3.67, 10.79 -3.98, 7.81 -6, 7.6 -5.69))"
11176,16560,43178,0102 | 02 OG,ac06440c399bf02bfc4c038914beede1,138411.0,,Wohnen,Tür,Öffnung,,,,5.8,2.0,"POLYGON ((3.38 0.32, 3.79 -0.29, 3.69 -0.37, 3.27 0.25, 3.38 0.32))"
11176,16560,43178,0102 | 02 OG,ac06440c399bf02bfc4c038914beede1,138411.0,,Wohnen,Fenster,Öffnung,,,,6.3,1.9,"POLYGON ((5.38 5.16, 6.29 3.8, 5.88 3.52, 4.96 4.87, 5.38 5.16))"
11176,16560,43185,0106 | 06 OG,932bc39212ee1f8d0854b76903dd2cd4,138415.0,1451157.0,Wohnen,Korridor,Raum,6.96,HNF,0.0,17.4,2.6,"POLYGON ((-1.5 4.15, -1.14 3.62, -2.14 2.94, -2.51 3.47, -2.57 3.43, -2.57 3.42, -5.08 1.71, -5.71 2.64, -1.15 5.74, -0.52 4.81, -1.47 4.17, -1.5 4.15))"
11176,16560,43185,0106 | 06 OG,932bc39212ee1f8d0854b76903dd2cd4,138415.0,1451203.0,Wohnen,Abstellraum,Raum,0.69,NNF,0.0,17.4,2.6,"POLYGON ((-3.23 2.21, -3.55 2.67, -2.53 3.36, -2.21 2.9, -3.19 2.23, -3.23 2.21))"
11176,16560,43185,0106 | 06 OG,932bc39212ee1f8d0854b76903dd2cd4,138415.0,1451179.0,Wohnen,Badezimmer,Raum,3.38,HNF,0.0,17.4,2.6,"POLYGON ((-3.94 0.03, -5.04 1.65, -3.61 2.62, -3.3 2.16, -2.51 1, -3.94 0.03))"
11176,16560,43185,0106 | 06 OG,932bc39212ee1f8d0854b76903dd2cd4,138415.0,1451212.0,Wohnen,Zimmer,Raum,12.04,HNF,1.0,17.4,2.6,"POLYGON ((-4.02 -0.04, -7.29 -2.25, -8.96 0.21, -7.37 1.29, -7.36 1.28, -7 1.52, -7.11 1.69, -5.8 2.58, -4.02 -0.04))"
11176,16560,43185,0106 | 06 OG,932bc39212ee1f8d0854b76903dd2cd4,138415.0,1451082.0,Wohnen,Wohnküche,Raum,22.98,HNF,0.5,17.4,2.6,"POLYGON ((1.77 7.77, 1.73 7.83, -2.23 5.14, -4.43 8.4, 0.39 11.67, 0.5 11.51, 2.63 8.36, 1.89 7.85, 1.77 7.77))"
11176,16560,43185,0106 | 06 OG,932bc39212ee1f8d0854b76903dd2cd4,138415.0,1451195.0,Wohnen,Küche,Raum,10.01,HNF,0.0,17.4,2.6,"POLYGON ((1.68 7.31, 1.7 7.32, 3.32 4.94, 0.69 3.17, -1.08 5.78, 1.52 7.55, 1.68 7.31))"
11176,16560,43185,0106 | 06 OG,932bc39212ee1f8d0854b76903dd2cd4,138415.0,1451110.0,Wohnen,Badezimmer,Raum,2.11,HNF,0.0,17.4,2.6,"POLYGON ((-0.48 4.75, 0.58 3.19, -0.36 2.56, -1 3.5, -0.97 3.52, -1.39 4.13, -0.48 4.75))"
11176,16560,43185,0106 | 06 OG,932bc39212ee1f8d0854b76903dd2cd4,138415.0,1451191.0,Wohnen,Zimmer,Raum,9.77,HNF,1.0,17.4,2.6,"POLYGON ((-2.33 5.07, -4.39 3.68, -6.6 6.93, -4.54 8.32, -2.33 5.07))"
11176,16560,43185,0106 | 06 OG,932bc39212ee1f8d0854b76903dd2cd4,138415.0,1451215.0,Wohnen,Zimmer,Raum,12.89,HNF,1.0,17.4,2.6,"POLYGON ((-4.46 3.63, -7.18 1.79, -9.38 5.04, -6.66 6.88, -4.46 3.63))"
11176,16560,43185,0106 | 06 OG,932bc39212ee1f8d0854b76903dd2cd4,138415.0,1451050.0,Wohnen,Balkon,Raum,3.6,ANF,0.0,17.4,2.6,"POLYGON ((4.34 5.81, 4.35 5.79, 3.42 5.15, 1.87 7.43, 2.08 7.58, 2 7.69, 2.77 8.2, 2.76 8.21, 2.83 8.26, 4.44 5.88, 4.34 5.81))"
11176,16560,43185,0106 | 06 OG,932bc39212ee1f8d0854b76903dd2cd4,138415.0,1451179.0,Wohnen,Waschbecken,Ausstattung,,,,18.0,0.25,"POLYGON ((-3.11 1.64, -3.5 1.38, -3.78 1.8, -3.4 2.07, -3.11 1.64))"
11176,16560,43185,0106 | 06 OG,932bc39212ee1f8d0854b76903dd2cd4,138415.0,1451179.0,Wohnen,Badewanne,Ausstattung,,,,17.4,0.6,"POLYGON ((-2.91 1.59, -2.51 1, -3.83 0.11, -4.23 0.7, -2.91 1.59))"
11176,16560,43185,0106 | 06 OG,932bc39212ee1f8d0854b76903dd2cd4,138415.0,1451195.0,Wohnen,Küche,Ausstattung,,HNF,0.0,17.4,0.9,"POLYGON ((0.97 3.8, 0.49 3.48, -0.41 4.79, 0.07 5.12, 0.97 3.8))"
11176,16560,43185,0106 | 06 OG,932bc39212ee1f8d0854b76903dd2cd4,138415.0,1451195.0,Wohnen,Küche,Ausstattung,,HNF,0.0,17.4,0.9,"POLYGON ((2.94 5.4, 3.27 4.91, 0.7 3.17, 0.37 3.66, 2.94 5.4))"
11176,16560,43185,0106 | 06 OG,932bc39212ee1f8d0854b76903dd2cd4,138415.0,1451110.0,Wohnen,Toilette,Ausstattung,,,,17.4,0.4,"POLYGON ((0.29 3.01, -0.06 2.77, -0.36 3.22, -0.02 3.45, 0.29 3.01))"
11176,16560,43185,0106 | 06 OG,932bc39212ee1f8d0854b76903dd2cd4,138415.0,1451110.0,Wohnen,Waschbecken,Ausstattung,,,,18.0,0.25,"POLYGON ((-0.49 3.6, -0.81 3.39, -1.07 3.78, -0.76 3.99, -0.49 3.6))"
11176,16560,43185,0106 | 06 OG,932bc39212ee1f8d0854b76903dd2cd4,138415.0,,Wohnen,Fenster,Öffnung,,,,17.9,1.9,"POLYGON ((-8.96 5.9, -7.59 6.83, -7.31 6.43, -8.68 5.5, -8.96 5.9))"
11176,16560,43185,0106 | 06 OG,932bc39212ee1f8d0854b76903dd2cd4,138415.0,,Wohnen,Fenster,Öffnung,,,,17.9,1.9,"POLYGON ((-8.28 -0.76, -7.35 -2.14, -7.75 -2.41, -8.68 -1.03, -8.28 -0.76))"
11176,16560,43185,0106 | 06 OG,932bc39212ee1f8d0854b76903dd2cd4,138415.0,,Wohnen,Tür,Öffnung,,,,17.4,2.0,"POLYGON ((-0.93 5.56, -0.52 4.95, -0.58 4.9, -1 5.51, -0.93 5.56))"
11176,16560,43185,0106 | 06 OG,932bc39212ee1f8d0854b76903dd2cd4,138415.0,,Wohnen,Fenster,Öffnung,,,,17.9,1.9,"POLYGON ((-0.91 11.36, -0.45 11.67, -0.17 11.27, -0.64 10.96, -0.91 11.36))"
11176,16560,43185,0106 | 06 OG,932bc39212ee1f8d0854b76903dd2cd4,138415.0,,Wohnen,Tür,Öffnung,,,,17.4,2.0,"POLYGON ((-5.18 3.14, -4.57 3.56, -4.5 3.46, -5.11 3.05, -5.18 3.14))"
11176,16560,43185,0106 | 06 OG,932bc39212ee1f8d0854b76903dd2cd4,138415.0,,Wohnen,Eingangstür,Öffnung,,,,17.4,2.0,"POLYGON ((-2.01 3.03, -1.4 3.45, -1.32 3.33, -1.93 2.91, -2.01 3.03))"
11176,16560,43185,0106 | 06 OG,932bc39212ee1f8d0854b76903dd2cd4,138415.0,,Wohnen,Tür,Öffnung,,,,17.4,2.0,"POLYGON ((2.62 6.33, 3.04 5.72, 2.87 5.6, 2.45 6.21, 2.62 6.33))"
11176,16560,43185,0106 | 06 OG,932bc39212ee1f8d0854b76903dd2cd4,138415.0,,Wohnen,Tür,Öffnung,,,,17.4,2.0,"POLYGON ((-5.56 2.42, -5.15 1.81, -5.23 1.75, -5.65 2.36, -5.56 2.42))"
11176,16560,43185,0106 | 06 OG,932bc39212ee1f8d0854b76903dd2cd4,138415.0,,Wohnen,Fenster,Öffnung,,,,17.9,1.9,"POLYGON ((-6.69 7.44, -5.3 8.38, -5.03 7.98, -6.41 7.04, -6.69 7.44))"
11176,16560,43185,0106 | 06 OG,932bc39212ee1f8d0854b76903dd2cd4,138415.0,,Wohnen,Tür,Öffnung,,,,17.4,2.0,"POLYGON ((-3.35 2.88, -2.97 3.15, -2.93 3.09, -3.31 2.83, -3.35 2.88))"
11176,16560,43185,0106 | 06 OG,932bc39212ee1f8d0854b76903dd2cd4,138415.0,,Wohnen,Fenster,Öffnung,,,,17.9,1.9,"POLYGON ((1.95 7.32, 2.56 6.42, 2.39 6.3, 1.78 7.2, 1.95 7.32))"
11176,16560,43185,0106 | 06 OG,932bc39212ee1f8d0854b76903dd2cd4,138415.0,,Wohnen,Tür,Öffnung,,,,17.4,2.0,"POLYGON ((-1.13 4.4, -0.62 4.75, -0.57 4.68, -1.08 4.34, -1.13 4.4))"
11176,16560,43185,0106 | 06 OG,932bc39212ee1f8d0854b76903dd2cd4,138415.0,,Wohnen,Tür,Öffnung,,,,17.4,2.0,"POLYGON ((1.91 7.88, 2.52 8.29, 2.64 8.11, 2.03 7.7, 1.91 7.88))"
11176,16560,43185,0106 | 06 OG,932bc39212ee1f8d0854b76903dd2cd4,138415.0,,Wohnen,Tür,Öffnung,,,,17.4,2.0,"POLYGON ((-2.11 5.22, -1.5 5.64, -1.44 5.54, -2.05 5.13, -2.11 5.22))"
11176,16560,43185,0106 | 06 OG,932bc39212ee1f8d0854b76903dd2cd4,138415.0,,Wohnen,Fenster,Öffnung,,,,17.9,1.9,"POLYGON ((3.11 5.61, 3.39 5.19, 3.22 5.08, 2.94 5.5, 3.11 5.61))"
11176,16560,43185,0106 | 06 OG,932bc39212ee1f8d0854b76903dd2cd4,138415.0,,Wohnen,Tür,Öffnung,,,,17.4,2.0,"POLYGON ((-4.91 1.82, -4.36 2.2, -4.32 2.14, -4.88 1.77, -4.91 1.82))"
11176,16560,43185,0106 | 06 OG,932bc39212ee1f8d0854b76903dd2cd4,138415.0,,Wohnen,Tür,Öffnung,,,,17.4,2.0,"POLYGON ((-4.21 3.8, -3.6 4.21, -3.53 4.12, -4.14 3.7, -4.21 3.8))"
11176,16560,43185,0106 | 06 OG,932bc39212ee1f8d0854b76903dd2cd4,138415.0,,Wohnen,Fenster,Öffnung,,,,17.9,1.9,"POLYGON ((0.84 11.65, 2.79 8.78, 2.48 8.57, 0.54 11.44, 0.84 11.65))"
11176,16560,43185,0106 | 06 OG,380e592c25ada6d97491d43fa6354bac,138419.0,1451181.0,Wohnen,Badezimmer,Raum,3.66,HNF,0.0,17.4,2.6,"POLYGON ((-2.6 -1.96, -3.79 -0.21, -2.35 0.76, -1.17 -0.99, -2.6 -1.96))"
11176,16560,43185,0106 | 06 OG,380e592c25ada6d97491d43fa6354bac,138419.0,1451175.0,Wohnen,Schacht,Raum,0.18,FF,0.0,17.4,2.6,"POLYGON ((1.13 -4.37, 1.29 -4.61, 0.77 -4.96, 0.61 -4.73, 1.13 -4.37))"
11176,16560,43185,0106 | 06 OG,380e592c25ada6d97491d43fa6354bac,138419.0,1451210.0,Wohnen,Zimmer,Raum,12.92,HNF,1.0,17.4,2.6,"POLYGON ((-5.3 -5.17, -7.16 -2.43, -3.93 -0.24, -2.07 -2.98, -5.3 -5.17))"
11176,16560,43185,0106 | 06 OG,380e592c25ada6d97491d43fa6354bac,138419.0,1451188.0,Wohnen,Schacht,Raum,0.11,FF,0.0,17.4,2.6,"POLYGON ((-3.19 0.45, -3.12 0.34, -3.81 -0.13, -3.88 -0.02, -3.19 0.45))"
11176,16560,43185,0106 | 06 OG,380e592c25ada6d97491d43fa6354bac,138419.0,1451208.0,Wohnen,Zimmer,Raum,9.66,HNF,1.0,17.4,2.6,"POLYGON ((-3.86 -7.3, -5.25 -5.26, -2.02 -3.06, -0.63 -5.11, -3.86 -7.3))"
11176,16560,43185,0106 | 06 OG,380e592c25ada6d97491d43fa6354bac,138419.0,1451170.0,Wohnen,Abstellraum,Raum,0.8,NNF,0.0,17.4,2.6,"POLYGON ((-0.15 -3.61, 0.37 -3.25, 1.08 -4.29, 0.56 -4.65, -0.15 -3.61))"
11176,16560,43185,0106 | 06 OG,380e592c25ada6d97491d43fa6354bac,138419.0,1451165.0,Wohnen,Küche,Raum,8.15,HNF,0.0,17.4,2.6,"POLYGON ((0.81 -5.02, 1.33 -4.67, 1.34 -4.67, 1.41 -4.62, 2.32 -4.01, 4 -6.48, 1.58 -8.12, 0.2 -6.1, 1.12 -5.47, 1.08 -5.41, 0.81 -5.02))"
11176,16560,43185,0106 | 06 OG,380e592c25ada6d97491d43fa6354bac,138419.0,1451185.0,Wohnen,Korridor,Raum,6.71,HNF,0.0,17.4,2.6,"POLYGON ((-0.26 -3.61, 1 -5.46, 0.16 -6.03, -2.54 -2.04, -1.11 -1.07, 0.33 -3.19, -0.25 -3.58, -0.24 -3.59, -0.26 -3.61))"
11176,16560,43185,0106 | 06 OG,380e592c25ada6d97491d43fa6354bac,138419.0,1451207.0,Wohnen,Zimmer,Raum,19.55,HNF,1.0,17.4,2.6,"POLYGON ((-0.99 -11.53, -3.79 -7.4, -0.56 -5.21, 1.64 -8.46, 1.71 -8.42, 2.31 -9.29, -0.99 -11.53))"
11176,16560,43185,0106 | 06 OG,380e592c25ada6d97491d43fa6354bac,138419.0,1451197.0,Wohnen,Balkon,Raum,3.57,ANF,0.0,17.4,2.6,"POLYGON ((4.18 -6.62, 4.88 -7.65, 2.52 -9.26, 2.47 -9.18, 2.44 -9.2, 1.93 -8.44, 2.06 -8.35, 1.92 -8.15, 4.18 -6.62))"
11176,16560,43185,0106 | 06 OG,380e592c25ada6d97491d43fa6354bac,138419.0,1451199.0,Wohnen,Schacht,Raum,0.02,FF,0.0,17.4,2.6,"POLYGON ((-2.47 0.94, -2.4 0.83, -2.55 0.73, -2.63 0.84, -2.47 0.94))"
11176,16560,43185,0106 | 06 OG,380e592c25ada6d97491d43fa6354bac,138419.0,1451181.0,Wohnen,Badewanne,Ausstattung,,,,17.4,0.6,"POLYGON ((-2.35 0.76, -1.96 0.19, -3.4 -0.78, -3.78 -0.21, -2.35 0.76))"
11176,16560,43185,0106 | 06 OG,380e592c25ada6d97491d43fa6354bac,138419.0,1451181.0,Wohnen,Toilette,Ausstattung,,,,17.4,0.4,"POLYGON ((-2 -0.07, -1.78 -0.39, -2.23 -0.7, -2.45 -0.37, -2 -0.07))"
11176,16560,43185,0106 | 06 OG,380e592c25ada6d97491d43fa6354bac,138419.0,1451181.0,Wohnen,Waschbecken,Ausstattung,,,,18.0,0.25,"POLYGON ((-1.41 -0.94, -1.8 -1.2, -2.09 -0.78, -1.7 -0.51, -1.41 -0.94))"
11176,16560,43185,0106 | 06 OG,380e592c25ada6d97491d43fa6354bac,138419.0,1451165.0,Wohnen,Küche,Ausstattung,,HNF,0.0,17.4,0.9,"POLYGON ((2.31 -4.03, 2.61 -4.48, 1.13 -5.48, 0.82 -5.03, 2.31 -4.03))"
11176,16560,43185,0106 | 06 OG,380e592c25ada6d97491d43fa6354bac,138419.0,1451165.0,Wohnen,Küche,Ausstattung,,HNF,0.0,17.4,0.9,"POLYGON ((3.98 -6.46, 3.49 -6.79, 1.85 -4.37, 2.34 -4.04, 3.98 -6.46))"
11176,16560,43185,0106 | 06 OG,380e592c25ada6d97491d43fa6354bac,138419.0,,Wohnen,Fenster,Öffnung,,,,17.9,1.9,"POLYGON ((-0.78 -11.38, 2.16 -9.38, 2.35 -9.66, -0.59 -11.66, -0.78 -11.38))"
11176,16560,43185,0106 | 06 OG,380e592c25ada6d97491d43fa6354bac,138419.0,,Wohnen,Fenster,Öffnung,,,,17.9,1.9,"POLYGON ((3.45 -6.85, 3.91 -6.54, 4.04 -6.72, 3.57 -7.04, 3.45 -6.85))"
11176,16560,43185,0106 | 06 OG,380e592c25ada6d97491d43fa6354bac,138419.0,,Wohnen,Tür,Öffnung,,,,17.4,2.0,"POLYGON ((-0.37 -5.25, 0.05 -5.86, -0.07 -5.94, -0.49 -5.33, -0.37 -5.25))"
11176,16560,43185,0106 | 06 OG,380e592c25ada6d97491d43fa6354bac,138419.0,,Wohnen,Fenster,Öffnung,,,,17.9,1.9,"POLYGON ((-1.71 -10.46, -1.4 -10.91, -1.8 -11.19, -2.11 -10.73, -1.71 -10.46))"
11176,16560,43185,0106 | 06 OG,380e592c25ada6d97491d43fa6354bac,138419.0,,Wohnen,Tür,Öffnung,,,,17.4,2.0,"POLYGON ((1.97 -8.49, 2.37 -9.09, 2.23 -9.18, 1.83 -8.59, 1.97 -8.49))"
11176,16560,43185,0106 | 06 OG,380e592c25ada6d97491d43fa6354bac,138419.0,,Wohnen,Tür,Öffnung,,,,17.4,2.0,"POLYGON ((2.84 -7.26, 3.41 -6.87, 3.54 -7.06, 2.96 -7.45, 2.84 -7.26))"
11176,16560,43185,0106 | 06 OG,380e592c25ada6d97491d43fa6354bac,138419.0,,Wohnen,Tür,Öffnung,,,,17.4,2.0,"POLYGON ((0.17 -4.07, 0.48 -4.52, 0.4 -4.58, 0.09 -4.12, 0.17 -4.07))"
11176,16560,43185,0106 | 06 OG,380e592c25ada6d97491d43fa6354bac,138419.0,,Wohnen,Tür,Öffnung,,,,17.4,2.0,"POLYGON ((-2.45 -2.17, -2.04 -2.78, -2.16 -2.86, -2.57 -2.25, -2.45 -2.17))"
11176,16560,43185,0106 | 06 OG,380e592c25ada6d97491d43fa6354bac,138419.0,,Wohnen,Tür,Öffnung,,,,17.4,2.0,"POLYGON ((0.33 -5.92, 0.84 -5.57, 0.89 -5.63, 0.37 -5.98, 0.33 -5.92))"
11176,16560,43185,0106 | 06 OG,380e592c25ada6d97491d43fa6354bac,138419.0,,Wohnen,Fenster,Öffnung,,,,17.9,1.9,"POLYGON ((4.29 -6.28, 4.75 -5.97, 4.88 -6.15, 4.42 -6.46, 4.29 -6.28))"
11176,16560,43185,0106 | 06 OG,380e592c25ada6d97491d43fa6354bac,138419.0,,Wohnen,Eingangstür,Öffnung,,,,17.4,2.0,"POLYGON ((-0.11 -2.3, 0.36 -3, 0.25 -3.07, -0.22 -2.38, -0.11 -2.3))"
11176,16560,43185,0106 | 06 OG,380e592c25ada6d97491d43fa6354bac,138419.0,,Wohnen,Fenster,Öffnung,,,,17.9,1.9,"POLYGON ((1.89 -7.9, 2.77 -7.31, 2.9 -7.49, 2.02 -8.09, 1.89 -7.9))"
11176,16560,43185,0106 | 06 OG,380e592c25ada6d97491d43fa6354bac,138419.0,,Wohnen,Tür,Öffnung,,,,17.4,2.0,"POLYGON ((-2.38 -1.81, -1.83 -1.44, -1.77 -1.52, -2.32 -1.9, -2.38 -1.81))"
11176,16560,43185,0106 | 06 OG,380e592c25ada6d97491d43fa6354bac,138419.0,,Wohnen,Fenster,Öffnung,,,,17.9,1.9,"POLYGON ((-6.73 -3.05, -5.79 -4.43, -6.19 -4.7, -7.13 -3.32, -6.73 -3.05))"
11176,16560,43185,0106 | 06 OG,380e592c25ada6d97491d43fa6354bac,138419.0,,Wohnen,Tür,Öffnung,,,,17.4,2.0,"POLYGON ((-1.79 -3.16, -1.37 -3.77, -1.49 -3.85, -1.9 -3.24, -1.79 -3.16))"
11176,16560,43185,0106 | 06 OG,380e592c25ada6d97491d43fa6354bac,138419.0,,Wohnen,Fenster,Öffnung,,,,17.9,1.9,"POLYGON ((-5.18 -5.34, -4.28 -6.66, -4.68 -6.93, -5.57 -5.61, -5.18 -5.34))"
11176,16560,43185,0106 | 06 OG,5a2cd92a7e269b7f9da3b0bb6546d415,138423.0,1451060.0,Wohnen,Zimmer,Raum,12.58,HNF,1.0,17.4,2.6,"POLYGON ((4.57 5.46, 6.39 2.78, 3.18 0.6, 1.36 3.28, 3.5 4.74, 4.57 5.46))"
11176,16560,43185,0106 | 06 OG,5a2cd92a7e269b7f9da3b0bb6546d415,138423.0,1451103.0,Wohnen,Korridor,Raum,6.33,HNF,0.0,17.4,2.6,"POLYGON ((1.3 0.5, 2.53 1.34, 5.21 -2.6, 4.38 -3.17, 3.12 -1.32, 3.11 -1.31, 2.51 -1.71, 1.75 -0.59, 1.95 -0.45, 1.94 -0.42, 1.39 0.4, 1.38 0.39, 1.3 0.5))"
11176,16560,43185,0106 | 06 OG,5a2cd92a7e269b7f9da3b0bb6546d415,138423.0,1451129.0,Wohnen,Küche,Raum,8.16,HNF,0.0,17.4,2.6,"POLYGON ((4.41 -3.22, 4.42 -3.23, 5.25 -2.67, 6.63 -4.7, 4.21 -6.34, 2.53 -3.86, 3.47 -3.22, 3.47 -3.21, 3.49 -3.19, 3.5 -3.2, 4.04 -2.84, 4.34 -3.28, 4.41 -3.22))"
11176,16560,43185,0106 | 06 OG,5a2cd92a7e269b7f9da3b0bb6546d415,138423.0,1451117.0,Wohnen,Abstellraum,Raum,0.8,NNF,0.0,17.4,2.6,"POLYGON ((2.55 -1.78, 3.08 -1.42, 3.78 -2.46, 3.26 -2.82, 2.61 -1.86, 2.55 -1.78))"
11176,16560,43185,0106 | 06 OG,5a2cd92a7e269b7f9da3b0bb6546d415,138423.0,1451135.0,Wohnen,Balkon,Raum,3.56,ANF,0.0,17.4,2.6,"POLYGON ((6.78 -5.14, 7.3 -5.9, 7.28 -5.92, 7.33 -5.99, 4.97 -7.6, 4.27 -6.56, 6.52 -5.03, 6.65 -5.23, 6.78 -5.14))"
11176,16560,43185,0106 | 06 OG,5a2cd92a7e269b7f9da3b0bb6546d415,138423.0,1451124.0,Wohnen,Schacht,Raum,0.19,FF,0.0,17.4,2.6,"POLYGON ((3.47 -3.13, 3.3 -2.88, 3.83 -2.53, 4 -2.77, 3.47 -3.13))"
11176,16560,43185,0106 | 06 OG,5a2cd92a7e269b7f9da3b0bb6546d415,138423.0,1451075.0,Wohnen,Zimmer,Raum,19.46,HNF,1.0,17.4,2.6,"POLYGON ((6.92 -4.91, 4.7 -1.63, 7.91 0.55, 10.71 -3.59, 7.43 -5.81, 6.91 -5.05, 6.94 -5.03, 6.87 -4.94, 6.92 -4.91))"
11176,16560,43185,0106 | 06 OG,5a2cd92a7e269b7f9da3b0bb6546d415,138423.0,1451139.0,Wohnen,Schacht,Raum,0.18,FF,0.0,17.4,2.6,"POLYGON ((1.12 0.21, 1.13 0.2, 1.29 0.3, 1.77 -0.41, 1.6 -0.53, 1.1 0.19, 1.12 0.21))"
11176,16560,43185,0106 | 06 OG,5a2cd92a7e269b7f9da3b0bb6546d415,138423.0,1451096.0,Wohnen,Badezimmer,Raum,3.6,HNF,0.0,17.4,2.6,"POLYGON ((1.32 3.13, 2.49 1.41, 1.26 0.57, 1.25 0.58, 1.05 0.44, -0.11 2.16, 1.32 3.13))"
11176,16560,43185,0106 | 06 OG,5a2cd92a7e269b7f9da3b0bb6546d415,138423.0,1451066.0,Wohnen,Zimmer,Raum,9.61,HNF,1.0,17.4,2.6,"POLYGON ((6.46 2.68, 7.85 0.63, 4.64 -1.55, 3.25 0.5, 6.46 2.68))"
11176,16560,43185,0106 | 06 OG,5a2cd92a7e269b7f9da3b0bb6546d415,138423.0,1451089.0,Wohnen,Schacht,Raum,0.6,FF,0.0,17.4,2.6,"POLYGON ((0.61 3.14, 0.62 3.12, 0.63 3.12, 0.67 3.05, 3.39 4.9, 3.42 4.85, 1.21 3.35, 1.18 3.33, 1.28 3.19, -0.15 2.22, -0.17 2.25, 0.24 2.52, 0.16 2.65, -0.25 2.37, -0.33 2.48, -0.31 2.49, -0.33 2.51, 0.61 3.14))"
11176,16560,43185,0106 | 06 OG,5a2cd92a7e269b7f9da3b0bb6546d415,138423.0,1451129.0,Wohnen,Küche,Ausstattung,,HNF,0.0,17.4,0.9,"POLYGON ((4.67 -5.98, 4.19 -6.31, 2.74 -4.17, 3.22 -3.85, 4.67 -5.98))"
11176,16560,43185,0106 | 06 OG,5a2cd92a7e269b7f9da3b0bb6546d415,138423.0,1451129.0,Wohnen,Küche,Ausstattung,,HNF,0.0,17.4,0.9,"POLYGON ((4.04 -2.84, 4.35 -3.31, 2.86 -4.32, 2.55 -3.85, 4.04 -2.84))"
11176,16560,43185,0106 | 06 OG,5a2cd92a7e269b7f9da3b0bb6546d415,138423.0,1451096.0,Wohnen,Waschbecken,Ausstattung,,,,18.0,0.25,"POLYGON ((1.53 0.92, 1.12 0.65, 0.78 1.15, 1.19 1.43, 1.53 0.92))"
11176,16560,43185,0106 | 06 OG,5a2cd92a7e269b7f9da3b0bb6546d415,138423.0,1451096.0,Wohnen,Toilette,Ausstattung,,,,17.4,0.4,"POLYGON ((0.93 1.89, 1.17 1.54, 0.72 1.23, 0.48 1.58, 0.93 1.89))"
11176,16560,43185,0106 | 06 OG,5a2cd92a7e269b7f9da3b0bb6546d415,138423.0,1451096.0,Wohnen,Badewanne,Ausstattung,,,,17.4,0.6,"POLYGON ((1.32 3.13, 1.72 2.54, 0.29 1.57, -0.11 2.16, 1.32 3.13))"
11176,16560,43185,0106 | 06 OG,5a2cd92a7e269b7f9da3b0bb6546d415,138423.0,,Wohnen,Fenster,Öffnung,,,,17.9,1.9,"POLYGON ((5.52 -5.45, 6.36 -4.87, 6.49 -5.06, 5.64 -5.63, 5.52 -5.45))"
11176,16560,43185,0106 | 06 OG,5a2cd92a7e269b7f9da3b0bb6546d415,138423.0,,Wohnen,Tür,Öffnung,,,,17.4,2.0,"POLYGON ((4.53 -3.06, 5.05 -2.71, 5.09 -2.78, 4.57 -3.13, 4.53 -3.06))"
11176,16560,43185,0106 | 06 OG,5a2cd92a7e269b7f9da3b0bb6546d415,138423.0,,Wohnen,Tür,Öffnung,,,,17.4,2.0,"POLYGON ((1.71 0.88, 2.24 1.24, 2.29 1.17, 1.76 0.81, 1.71 0.88))"
11176,16560,43185,0106 | 06 OG,5a2cd92a7e269b7f9da3b0bb6546d415,138423.0,,Wohnen,Fenster,Öffnung,,,,17.9,1.9,"POLYGON ((5.38 5.16, 6.29 3.8, 5.88 3.52, 4.96 4.87, 5.38 5.16))"
11176,16560,43185,0106 | 06 OG,5a2cd92a7e269b7f9da3b0bb6546d415,138423.0,,Wohnen,Fenster,Öffnung,,,,17.9,1.9,"POLYGON ((3.45 -6.85, 3.91 -6.54, 4.04 -6.72, 3.57 -7.04, 3.45 -6.85))"
11176,16560,43185,0106 | 06 OG,5a2cd92a7e269b7f9da3b0bb6546d415,138423.0,,Wohnen,Fenster,Öffnung,,,,17.9,1.9,"POLYGON ((10.35 -2.18, 10.68 -2.66, 10.26 -2.94, 9.93 -2.46, 10.35 -2.18))"
11176,16560,43185,0106 | 06 OG,5a2cd92a7e269b7f9da3b0bb6546d415,138423.0,,Wohnen,Tür,Öffnung,,,,17.4,2.0,"POLYGON ((2.7 1.31, 3.12 0.7, 3.01 0.63, 2.6 1.24, 2.7 1.31))"
11176,16560,43185,0106 | 06 OG,5a2cd92a7e269b7f9da3b0bb6546d415,138423.0,,Wohnen,Fenster,Öffnung,,,,17.9,1.9,"POLYGON ((7.6 -5.69, 10.57 -3.67, 10.79 -3.98, 7.81 -6, 7.6 -5.69))"
11176,16560,43185,0106 | 06 OG,5a2cd92a7e269b7f9da3b0bb6546d415,138423.0,,Wohnen,Tür,Öffnung,,,,17.4,2.0,"POLYGON ((4.79 -1.76, 5.2 -2.37, 5.09 -2.44, 4.68 -1.83, 4.79 -1.76))"
11176,16560,43185,0106 | 06 OG,5a2cd92a7e269b7f9da3b0bb6546d415,138423.0,,Wohnen,Fenster,Öffnung,,,,17.9,1.9,"POLYGON ((4.29 -6.28, 4.75 -5.97, 4.88 -6.15, 4.42 -6.46, 4.29 -6.28))"
11176,16560,43185,0106 | 06 OG,5a2cd92a7e269b7f9da3b0bb6546d415,138423.0,,Wohnen,Fenster,Öffnung,,,,17.9,1.9,"POLYGON ((6.93 2.87, 7.85 1.52, 7.43 1.23, 6.51 2.59, 6.93 2.87))"
11176,16560,43185,0106 | 06 OG,5a2cd92a7e269b7f9da3b0bb6546d415,138423.0,,Wohnen,Tür,Öffnung,,,,17.4,2.0,"POLYGON ((3.38 0.32, 3.79 -0.29, 3.69 -0.37, 3.27 0.25, 3.38 0.32))"
11176,16560,43185,0106 | 06 OG,5a2cd92a7e269b7f9da3b0bb6546d415,138423.0,,Wohnen,Tür,Öffnung,,,,17.4,2.0,"POLYGON ((6.93 -5.06, 7.33 -5.65, 7.19 -5.75, 6.79 -5.16, 6.93 -5.06))"
11176,16560,43185,0106 | 06 OG,5a2cd92a7e269b7f9da3b0bb6546d415,138423.0,,Wohnen,Eingangstür,Öffnung,,,,17.4,2.0,"POLYGON ((1.99 -0.96, 2.44 -1.61, 2.32 -1.68, 1.88 -1.03, 1.99 -0.96))"
11176,16560,43185,0106 | 06 OG,5a2cd92a7e269b7f9da3b0bb6546d415,138423.0,,Wohnen,Tür,Öffnung,,,,17.4,2.0,"POLYGON ((4.81 -5.92, 5.4 -5.52, 5.53 -5.71, 4.94 -6.11, 4.81 -5.92))"
11176,16560,43185,0106 | 06 OG,5a2cd92a7e269b7f9da3b0bb6546d415,138423.0,,Wohnen,Tür,Öffnung,,,,17.4,2.0,"POLYGON ((3.47 -1.83, 3.76 -2.26, 3.68 -2.32, 3.39 -1.89, 3.47 -1.83))"
11176,16560,43185,0106 | 06 OG,5a2cd92a7e269b7f9da3b0bb6546d415,138423.0,,Wohnen,Fenster,Öffnung,,,,17.9,1.9,"POLYGON ((3.11 5.61, 3.39 5.19, 3.22 5.08, 2.94 5.5, 3.11 5.61))"
11176,16560,43192,0104 | 04 OG,5854f2422e77ed468db198be63755b8a,138429.0,1451191.0,Wohnen,Zimmer,Raum,9.77,HNF,1.0,11.6,2.6,"POLYGON ((-2.33 5.07, -4.39 3.68, -6.6 6.93, -4.54 8.32, -2.33 5.07))"
11176,16560,43192,0104 | 04 OG,5854f2422e77ed468db198be63755b8a,138429.0,1451203.0,Wohnen,Abstellraum,Raum,0.69,NNF,0.0,11.6,2.6,"POLYGON ((-3.23 2.21, -3.55 2.67, -2.53 3.36, -2.21 2.9, -3.19 2.23, -3.23 2.21))"
11176,16560,43192,0104 | 04 OG,5854f2422e77ed468db198be63755b8a,138429.0,1451179.0,Wohnen,Badezimmer,Raum,3.38,HNF,0.0,11.6,2.6,"POLYGON ((-3.94 0.03, -5.04 1.65, -3.61 2.62, -3.3 2.16, -2.51 1, -3.94 0.03))"
11176,16560,43192,0104 | 04 OG,5854f2422e77ed468db198be63755b8a,138429.0,1451215.0,Wohnen,Zimmer,Raum,12.89,HNF,1.0,11.6,2.6,"POLYGON ((-4.46 3.63, -7.18 1.79, -9.38 5.04, -6.66 6.88, -4.46 3.63))"
11176,16560,43192,0104 | 04 OG,5854f2422e77ed468db198be63755b8a,138429.0,1451195.0,Wohnen,Küche,Raum,10.01,HNF,0.0,11.6,2.6,"POLYGON ((1.68 7.31, 1.7 7.32, 3.32 4.94, 0.69 3.17, -1.08 5.78, 1.52 7.55, 1.68 7.31))"
11176,16560,43192,0104 | 04 OG,5854f2422e77ed468db198be63755b8a,138429.0,1451110.0,Wohnen,Badezimmer,Raum,2.11,HNF,0.0,11.6,2.6,"POLYGON ((-0.48 4.75, 0.58 3.19, -0.36 2.56, -1 3.5, -0.97 3.52, -1.39 4.13, -0.48 4.75))"
11176,16560,43192,0104 | 04 OG,5854f2422e77ed468db198be63755b8a,138429.0,1451082.0,Wohnen,Wohnküche,Raum,22.98,HNF,0.5,11.6,2.6,"POLYGON ((1.77 7.77, 1.73 7.83, -2.23 5.14, -4.43 8.4, 0.39 11.67, 0.5 11.51, 2.63 8.36, 1.89 7.85, 1.77 7.77))"
11176,16560,43192,0104 | 04 OG,5854f2422e77ed468db198be63755b8a,138429.0,1451212.0,Wohnen,Zimmer,Raum,12.04,HNF,1.0,11.6,2.6,"POLYGON ((-4.02 -0.04, -7.29 -2.25, -8.96 0.21, -7.37 1.29, -7.36 1.28, -7 1.52, -7.11 1.69, -5.8 2.58, -4.02 -0.04))"
11176,16560,43192,0104 | 04 OG,5854f2422e77ed468db198be63755b8a,138429.0,1451157.0,Wohnen,Korridor,Raum,6.96,HNF,0.0,11.6,2.6,"POLYGON ((-1.5 4.15, -1.14 3.62, -2.14 2.94, -2.51 3.47, -2.57 3.43, -2.57 3.42, -5.08 1.71, -5.71 2.64, -1.15 5.74, -0.52 4.81, -1.47 4.17, -1.5 4.15))"
11176,16560,43192,0104 | 04 OG,5854f2422e77ed468db198be63755b8a,138429.0,1451050.0,Wohnen,Balkon,Raum,3.6,ANF,0.0,11.6,2.6,"POLYGON ((4.34 5.81, 4.35 5.79, 3.42 5.15, 1.87 7.43, 2.08 7.58, 2 7.69, 2.77 8.2, 2.76 8.21, 2.83 8.26, 4.44 5.88, 4.34 5.81))"
11176,16560,43192,0104 | 04 OG,5854f2422e77ed468db198be63755b8a,138429.0,1451179.0,Wohnen,Waschbecken,Ausstattung,,,,12.2,0.25,"POLYGON ((-3.11 1.64, -3.5 1.38, -3.78 1.8, -3.4 2.07, -3.11 1.64))"
11176,16560,43192,0104 | 04 OG,5854f2422e77ed468db198be63755b8a,138429.0,1451179.0,Wohnen,Badewanne,Ausstattung,,,,11.6,0.6,"POLYGON ((-2.91 1.59, -2.51 1, -3.83 0.11, -4.23 0.7, -2.91 1.59))"
11176,16560,43192,0104 | 04 OG,5854f2422e77ed468db198be63755b8a,138429.0,1451195.0,Wohnen,Küche,Ausstattung,,HNF,0.0,11.6,0.9,"POLYGON ((0.97 3.8, 0.49 3.48, -0.41 4.79, 0.07 5.12, 0.97 3.8))"
11176,16560,43192,0104 | 04 OG,5854f2422e77ed468db198be63755b8a,138429.0,1451195.0,Wohnen,Küche,Ausstattung,,HNF,0.0,11.6,0.9,"POLYGON ((2.94 5.4, 3.27 4.91, 0.7 3.17, 0.37 3.66, 2.94 5.4))"
11176,16560,43192,0104 | 04 OG,5854f2422e77ed468db198be63755b8a,138429.0,1451110.0,Wohnen,Toilette,Ausstattung,,,,11.6,0.4,"POLYGON ((0.29 3.01, -0.06 2.77, -0.36 3.22, -0.02 3.45, 0.29 3.01))"
11176,16560,43192,0104 | 04 OG,5854f2422e77ed468db198be63755b8a,138429.0,1451110.0,Wohnen,Waschbecken,Ausstattung,,,,12.2,0.25,"POLYGON ((-0.49 3.6, -0.81 3.39, -1.07 3.78, -0.76 3.99, -0.49 3.6))"
11176,16560,43192,0104 | 04 OG,5854f2422e77ed468db198be63755b8a,138429.0,,Wohnen,Tür,Öffnung,,,,11.6,2.0,"POLYGON ((-0.93 5.56, -0.52 4.95, -0.58 4.9, -1 5.51, -0.93 5.56))"
11176,16560,43192,0104 | 04 OG,5854f2422e77ed468db198be63755b8a,138429.0,,Wohnen,Tür,Öffnung,,,,11.6,2.0,"POLYGON ((2.62 6.33, 3.04 5.72, 2.87 5.6, 2.45 6.21, 2.62 6.33))"
11176,16560,43192,0104 | 04 OG,5854f2422e77ed468db198be63755b8a,138429.0,,Wohnen,Fenster,Öffnung,,,,12.1,1.9,"POLYGON ((-8.96 5.9, -7.59 6.83, -7.31 6.43, -8.68 5.5, -8.96 5.9))"
11176,16560,43192,0104 | 04 OG,5854f2422e77ed468db198be63755b8a,138429.0,,Wohnen,Fenster,Öffnung,,,,12.1,1.9,"POLYGON ((-8.28 -0.76, -7.35 -2.14, -7.75 -2.41, -8.68 -1.03, -8.28 -0.76))"
11176,16560,43192,0104 | 04 OG,5854f2422e77ed468db198be63755b8a,138429.0,,Wohnen,Fenster,Öffnung,,,,12.1,1.9,"POLYGON ((-0.91 11.36, -0.45 11.67, -0.17 11.27, -0.64 10.96, -0.91 11.36))"
11176,16560,43192,0104 | 04 OG,5854f2422e77ed468db198be63755b8a,138429.0,,Wohnen,Eingangstür,Öffnung,,,,11.6,2.0,"POLYGON ((-2.01 3.03, -1.4 3.45, -1.32 3.33, -1.93 2.91, -2.01 3.03))"
11176,16560,43192,0104 | 04 OG,5854f2422e77ed468db198be63755b8a,138429.0,,Wohnen,Tür,Öffnung,,,,11.6,2.0,"POLYGON ((-5.56 2.42, -5.15 1.81, -5.23 1.75, -5.65 2.36, -5.56 2.42))"
11176,16560,43192,0104 | 04 OG,5854f2422e77ed468db198be63755b8a,138429.0,,Wohnen,Tür,Öffnung,,,,11.6,2.0,"POLYGON ((-2.11 5.22, -1.5 5.64, -1.44 5.54, -2.05 5.13, -2.11 5.22))"
11176,16560,43192,0104 | 04 OG,5854f2422e77ed468db198be63755b8a,138429.0,,Wohnen,Tür,Öffnung,,,,11.6,2.0,"POLYGON ((1.91 7.88, 2.52 8.29, 2.64 8.11, 2.03 7.7, 1.91 7.88))"
11176,16560,43192,0104 | 04 OG,5854f2422e77ed468db198be63755b8a,138429.0,,Wohnen,Fenster,Öffnung,,,,12.1,1.9,"POLYGON ((1.95 7.32, 2.56 6.42, 2.39 6.3, 1.78 7.2, 1.95 7.32))"
11176,16560,43192,0104 | 04 OG,5854f2422e77ed468db198be63755b8a,138429.0,,Wohnen,Fenster,Öffnung,,,,12.1,1.9,"POLYGON ((-6.69 7.44, -5.3 8.38, -5.03 7.98, -6.41 7.04, -6.69 7.44))"
11176,16560,43192,0104 | 04 OG,5854f2422e77ed468db198be63755b8a,138429.0,,Wohnen,Tür,Öffnung,,,,11.6,2.0,"POLYGON ((-1.13 4.4, -0.62 4.75, -0.57 4.68, -1.08 4.34, -1.13 4.4))"
11176,16560,43192,0104 | 04 OG,5854f2422e77ed468db198be63755b8a,138429.0,,Wohnen,Tür,Öffnung,,,,11.6,2.0,"POLYGON ((-3.35 2.88, -2.97 3.15, -2.93 3.09, -3.31 2.83, -3.35 2.88))"
11176,16560,43192,0104 | 04 OG,5854f2422e77ed468db198be63755b8a,138429.0,,Wohnen,Tür,Öffnung,,,,11.6,2.0,"POLYGON ((-4.21 3.8, -3.6 4.21, -3.53 4.12, -4.14 3.7, -4.21 3.8))"
11176,16560,43192,0104 | 04 OG,5854f2422e77ed468db198be63755b8a,138429.0,,Wohnen,Fenster,Öffnung,,,,12.1,1.9,"POLYGON ((0.84 11.65, 2.79 8.78, 2.48 8.57, 0.54 11.44, 0.84 11.65))"
11176,16560,43192,0104 | 04 OG,5854f2422e77ed468db198be63755b8a,138429.0,,Wohnen,Fenster,Öffnung,,,,12.1,1.9,"POLYGON ((3.11 5.61, 3.39 5.19, 3.22 5.08, 2.94 5.5, 3.11 5.61))"
11176,16560,43192,0104 | 04 OG,5854f2422e77ed468db198be63755b8a,138429.0,,Wohnen,Tür,Öffnung,,,,11.6,2.0,"POLYGON ((-4.91 1.82, -4.36 2.2, -4.32 2.14, -4.88 1.77, -4.91 1.82))"
11176,16560,43192,0104 | 04 OG,5854f2422e77ed468db198be63755b8a,138429.0,,Wohnen,Tür,Öffnung,,,,11.6,2.0,"POLYGON ((-5.18 3.14, -4.57 3.56, -4.5 3.46, -5.11 3.05, -5.18 3.14))"
11176,16560,43192,0104 | 04 OG,c6790cd1989307752372c002beb03662,138433.0,1451181.0,Wohnen,Badezimmer,Raum,3.66,HNF,0.0,11.6,2.6,"POLYGON ((-2.6 -1.96, -3.79 -0.21, -2.35 0.76, -1.17 -0.99, -2.6 -1.96))"
11176,16560,43192,0104 | 04 OG,c6790cd1989307752372c002beb03662,138433.0,1451175.0,Wohnen,Schacht,Raum,0.18,FF,0.0,11.6,2.6,"POLYGON ((1.13 -4.37, 1.29 -4.61, 0.77 -4.96, 0.61 -4.73, 1.13 -4.37))"
11176,16560,43192,0104 | 04 OG,c6790cd1989307752372c002beb03662,138433.0,1451210.0,Wohnen,Zimmer,Raum,12.92,HNF,1.0,11.6,2.6,"POLYGON ((-5.3 -5.17, -7.16 -2.43, -3.93 -0.24, -2.07 -2.98, -5.3 -5.17))"
11176,16560,43192,0104 | 04 OG,c6790cd1989307752372c002beb03662,138433.0,1451188.0,Wohnen,Schacht,Raum,0.11,FF,0.0,11.6,2.6,"POLYGON ((-3.19 0.45, -3.12 0.34, -3.81 -0.13, -3.88 -0.02, -3.19 0.45))"
11176,16560,43192,0104 | 04 OG,c6790cd1989307752372c002beb03662,138433.0,1451170.0,Wohnen,Abstellraum,Raum,0.8,NNF,0.0,11.6,2.6,"POLYGON ((-0.15 -3.61, 0.37 -3.25, 1.08 -4.29, 0.56 -4.65, -0.15 -3.61))"
11176,16560,43192,0104 | 04 OG,c6790cd1989307752372c002beb03662,138433.0,1451165.0,Wohnen,Küche,Raum,8.15,HNF,0.0,11.6,2.6,"POLYGON ((0.81 -5.02, 1.33 -4.67, 1.34 -4.67, 1.41 -4.62, 2.32 -4.01, 4 -6.48, 1.58 -8.12, 0.2 -6.1, 1.12 -5.47, 1.08 -5.41, 0.81 -5.02))"
11176,16560,43192,0104 | 04 OG,c6790cd1989307752372c002beb03662,138433.0,1451185.0,Wohnen,Korridor,Raum,6.71,HNF,0.0,11.6,2.6,"POLYGON ((-0.26 -3.61, 1 -5.46, 0.16 -6.03, -2.54 -2.04, -1.11 -1.07, 0.33 -3.19, -0.25 -3.58, -0.24 -3.59, -0.26 -3.61))"
11176,16560,43192,0104 | 04 OG,c6790cd1989307752372c002beb03662,138433.0,1451197.0,Wohnen,Balkon,Raum,3.57,ANF,0.0,11.6,2.6,"POLYGON ((4.18 -6.62, 4.88 -7.65, 2.52 -9.26, 2.47 -9.18, 2.44 -9.2, 1.93 -8.44, 2.06 -8.35, 1.92 -8.15, 4.18 -6.62))"
11176,16560,43192,0104 | 04 OG,c6790cd1989307752372c002beb03662,138433.0,1451207.0,Wohnen,Zimmer,Raum,19.55,HNF,1.0,11.6,2.6,"POLYGON ((-0.99 -11.53, -3.79 -7.4, -0.56 -5.21, 1.64 -8.46, 1.71 -8.42, 2.31 -9.29, -0.99 -11.53))"
11176,16560,43192,0104 | 04 OG,c6790cd1989307752372c002beb03662,138433.0,1451208.0,Wohnen,Zimmer,Raum,9.66,HNF,1.0,11.6,2.6,"POLYGON ((-3.86 -7.3, -5.25 -5.26, -2.02 -3.06, -0.63 -5.11, -3.86 -7.3))"
11176,16560,43192,0104 | 04 OG,c6790cd1989307752372c002beb03662,138433.0,1451199.0,Wohnen,Schacht,Raum,0.02,FF,0.0,11.6,2.6,"POLYGON ((-2.47 0.94, -2.4 0.83, -2.55 0.73, -2.63 0.84, -2.47 0.94))"
11176,16560,43192,0104 | 04 OG,c6790cd1989307752372c002beb03662,138433.0,1451181.0,Wohnen,Badewanne,Ausstattung,,,,11.6,0.6,"POLYGON ((-2.35 0.76, -1.96 0.19, -3.4 -0.78, -3.78 -0.21, -2.35 0.76))"
11176,16560,43192,0104 | 04 OG,c6790cd1989307752372c002beb03662,138433.0,1451181.0,Wohnen,Toilette,Ausstattung,,,,11.6,0.4,"POLYGON ((-2 -0.07, -1.78 -0.39, -2.23 -0.7, -2.45 -0.37, -2 -0.07))"
11176,16560,43192,0104 | 04 OG,c6790cd1989307752372c002beb03662,138433.0,1451181.0,Wohnen,Waschbecken,Ausstattung,,,,12.2,0.25,"POLYGON ((-1.41 -0.94, -1.8 -1.2, -2.09 -0.78, -1.7 -0.51, -1.41 -0.94))"
11176,16560,43192,0104 | 04 OG,c6790cd1989307752372c002beb03662,138433.0,1451165.0,Wohnen,Küche,Ausstattung,,HNF,0.0,11.6,0.9,"POLYGON ((2.31 -4.03, 2.61 -4.48, 1.13 -5.48, 0.82 -5.03, 2.31 -4.03))"
11176,16560,43192,0104 | 04 OG,c6790cd1989307752372c002beb03662,138433.0,1451165.0,Wohnen,Küche,Ausstattung,,HNF,0.0,11.6,0.9,"POLYGON ((3.98 -6.46, 3.49 -6.79, 1.85 -4.37, 2.34 -4.04, 3.98 -6.46))"
11176,16560,43192,0104 | 04 OG,c6790cd1989307752372c002beb03662,138433.0,,Wohnen,Fenster,Öffnung,,,,12.1,1.9,"POLYGON ((-0.78 -11.38, 2.16 -9.38, 2.35 -9.66, -0.59 -11.66, -0.78 -11.38))"
11176,16560,43192,0104 | 04 OG,c6790cd1989307752372c002beb03662,138433.0,,Wohnen,Fenster,Öffnung,,,,12.1,1.9,"POLYGON ((3.45 -6.85, 3.91 -6.54, 4.04 -6.72, 3.57 -7.04, 3.45 -6.85))"
11176,16560,43192,0104 | 04 OG,c6790cd1989307752372c002beb03662,138433.0,,Wohnen,Fenster,Öffnung,,,,12.1,1.9,"POLYGON ((-1.71 -10.46, -1.4 -10.91, -1.8 -11.19, -2.11 -10.73, -1.71 -10.46))"
11176,16560,43192,0104 | 04 OG,c6790cd1989307752372c002beb03662,138433.0,,Wohnen,Tür,Öffnung,,,,11.6,2.0,"POLYGON ((-0.37 -5.25, 0.05 -5.86, -0.07 -5.94, -0.49 -5.33, -0.37 -5.25))"
11176,16560,43192,0104 | 04 OG,c6790cd1989307752372c002beb03662,138433.0,,Wohnen,Tür,Öffnung,,,,11.6,2.0,"POLYGON ((2.84 -7.26, 3.41 -6.87, 3.54 -7.06, 2.96 -7.45, 2.84 -7.26))"
11176,16560,43192,0104 | 04 OG,c6790cd1989307752372c002beb03662,138433.0,,Wohnen,Tür,Öffnung,,,,11.6,2.0,"POLYGON ((1.97 -8.49, 2.37 -9.09, 2.23 -9.18, 1.83 -8.59, 1.97 -8.49))"
11176,16560,43192,0104 | 04 OG,c6790cd1989307752372c002beb03662,138433.0,,Wohnen,Tür,Öffnung,,,,11.6,2.0,"POLYGON ((0.17 -4.07, 0.48 -4.52, 0.4 -4.58, 0.09 -4.12, 0.17 -4.07))"
11176,16560,43192,0104 | 04 OG,c6790cd1989307752372c002beb03662,138433.0,,Wohnen,Tür,Öffnung,,,,11.6,2.0,"POLYGON ((-2.45 -2.17, -2.04 -2.78, -2.16 -2.86, -2.57 -2.25, -2.45 -2.17))"
11176,16560,43192,0104 | 04 OG,c6790cd1989307752372c002beb03662,138433.0,,Wohnen,Fenster,Öffnung,,,,12.1,1.9,"POLYGON ((4.29 -6.28, 4.75 -5.97, 4.88 -6.15, 4.42 -6.46, 4.29 -6.28))"
11176,16560,43192,0104 | 04 OG,c6790cd1989307752372c002beb03662,138433.0,,Wohnen,Tür,Öffnung,,,,11.6,2.0,"POLYGON ((0.33 -5.92, 0.84 -5.57, 0.89 -5.63, 0.37 -5.98, 0.33 -5.92))"
11176,16560,43192,0104 | 04 OG,c6790cd1989307752372c002beb03662,138433.0,,Wohnen,Eingangstür,Öffnung,,,,11.6,2.0,"POLYGON ((-0.11 -2.3, 0.36 -3, 0.25 -3.07, -0.22 -2.38, -0.11 -2.3))"
11176,16560,43192,0104 | 04 OG,c6790cd1989307752372c002beb03662,138433.0,,Wohnen,Fenster,Öffnung,,,,12.1,1.9,"POLYGON ((1.89 -7.9, 2.77 -7.31, 2.9 -7.49, 2.02 -8.09, 1.89 -7.9))"
11176,16560,43192,0104 | 04 OG,c6790cd1989307752372c002beb03662,138433.0,,Wohnen,Tür,Öffnung,,,,11.6,2.0,"POLYGON ((-2.38 -1.81, -1.83 -1.44, -1.77 -1.52, -2.32 -1.9, -2.38 -1.81))"
11176,16560,43192,0104 | 04 OG,c6790cd1989307752372c002beb03662,138433.0,,Wohnen,Fenster,Öffnung,,,,12.1,1.9,"POLYGON ((-6.73 -3.05, -5.79 -4.43, -6.19 -4.7, -7.13 -3.32, -6.73 -3.05))"
11176,16560,43192,0104 | 04 OG,c6790cd1989307752372c002beb03662,138433.0,,Wohnen,Tür,Öffnung,,,,11.6,2.0,"POLYGON ((-1.79 -3.16, -1.37 -3.77, -1.49 -3.85, -1.9 -3.24, -1.79 -3.16))"
11176,16560,43192,0104 | 04 OG,c6790cd1989307752372c002beb03662,138433.0,,Wohnen,Fenster,Öffnung,,,,12.1,1.9,"POLYGON ((-5.18 -5.34, -4.28 -6.66, -4.68 -6.93, -5.57 -5.61, -5.18 -5.34))"
11176,16560,43192,0104 | 04 OG,54ebfb6909259f31ede1e921ef359627,138439.0,1451089.0,Wohnen,Schacht,Raum,0.6,FF,0.0,11.6,2.6,"POLYGON ((0.61 3.14, 0.62 3.12, 0.63 3.12, 0.67 3.05, 3.39 4.9, 3.42 4.85, 1.21 3.35, 1.18 3.33, 1.28 3.19, -0.15 2.22, -0.17 2.25, 0.24 2.52, 0.16 2.65, -0.25 2.37, -0.33 2.48, -0.31 2.49, -0.33 2.51, 0.61 3.14))"
11176,16560,43192,0104 | 04 OG,54ebfb6909259f31ede1e921ef359627,138439.0,1451060.0,Wohnen,Zimmer,Raum,12.58,HNF,1.0,11.6,2.6,"POLYGON ((4.57 5.46, 6.39 2.78, 3.18 0.6, 1.36 3.28, 3.5 4.74, 4.57 5.46))"
11176,16560,43192,0104 | 04 OG,54ebfb6909259f31ede1e921ef359627,138439.0,1451103.0,Wohnen,Korridor,Raum,6.33,HNF,0.0,11.6,2.6,"POLYGON ((1.3 0.5, 2.53 1.34, 5.21 -2.6, 4.38 -3.17, 3.12 -1.32, 3.11 -1.31, 2.51 -1.71, 1.75 -0.59, 1.95 -0.45, 1.94 -0.42, 1.39 0.4, 1.38 0.39, 1.3 0.5))"
11176,16560,43192,0104 | 04 OG,54ebfb6909259f31ede1e921ef359627,138439.0,1451124.0,Wohnen,Schacht,Raum,0.19,FF,0.0,11.6,2.6,"POLYGON ((3.47 -3.13, 3.3 -2.88, 3.83 -2.53, 4 -2.77, 3.47 -3.13))"
11176,16560,43192,0104 | 04 OG,54ebfb6909259f31ede1e921ef359627,138439.0,1451129.0,Wohnen,Küche,Raum,8.16,HNF,0.0,11.6,2.6,"POLYGON ((4.41 -3.22, 4.42 -3.23, 5.25 -2.67, 6.63 -4.7, 4.21 -6.34, 2.53 -3.86, 3.47 -3.22, 3.47 -3.21, 3.49 -3.19, 3.5 -3.2, 4.04 -2.84, 4.34 -3.28, 4.41 -3.22))"
11176,16560,43192,0104 | 04 OG,54ebfb6909259f31ede1e921ef359627,138439.0,1451117.0,Wohnen,Abstellraum,Raum,0.8,NNF,0.0,11.6,2.6,"POLYGON ((2.55 -1.78, 3.08 -1.42, 3.78 -2.46, 3.26 -2.82, 2.61 -1.86, 2.55 -1.78))"
11176,16560,43192,0104 | 04 OG,54ebfb6909259f31ede1e921ef359627,138439.0,1451135.0,Wohnen,Balkon,Raum,3.56,ANF,0.0,11.6,2.6,"POLYGON ((6.78 -5.14, 7.3 -5.9, 7.28 -5.92, 7.33 -5.99, 4.97 -7.6, 4.27 -6.56, 6.52 -5.03, 6.65 -5.23, 6.78 -5.14))"
11176,16560,43192,0104 | 04 OG,54ebfb6909259f31ede1e921ef359627,138439.0,1451075.0,Wohnen,Zimmer,Raum,19.46,HNF,1.0,11.6,2.6,"POLYGON ((6.92 -4.91, 4.7 -1.63, 7.91 0.55, 10.71 -3.59, 7.43 -5.81, 6.91 -5.05, 6.94 -5.03, 6.87 -4.94, 6.92 -4.91))"
11176,16560,43192,0104 | 04 OG,54ebfb6909259f31ede1e921ef359627,138439.0,1451139.0,Wohnen,Schacht,Raum,0.18,FF,0.0,11.6,2.6,"POLYGON ((1.12 0.21, 1.13 0.2, 1.29 0.3, 1.77 -0.41, 1.6 -0.53, 1.1 0.19, 1.12 0.21))"
11176,16560,43192,0104 | 04 OG,54ebfb6909259f31ede1e921ef359627,138439.0,1451096.0,Wohnen,Badezimmer,Raum,3.6,HNF,0.0,11.6,2.6,"POLYGON ((1.32 3.13, 2.49 1.41, 1.26 0.57, 1.25 0.58, 1.05 0.44, -0.11 2.16, 1.32 3.13))"
11176,16560,43192,0104 | 04 OG,54ebfb6909259f31ede1e921ef359627,138439.0,1451066.0,Wohnen,Zimmer,Raum,9.61,HNF,1.0,11.6,2.6,"POLYGON ((6.46 2.68, 7.85 0.63, 4.64 -1.55, 3.25 0.5, 6.46 2.68))"
11176,16560,43192,0104 | 04 OG,54ebfb6909259f31ede1e921ef359627,138439.0,1451129.0,Wohnen,Küche,Ausstattung,,HNF,0.0,11.6,0.9,"POLYGON ((4.67 -5.98, 4.19 -6.31, 2.74 -4.17, 3.22 -3.85, 4.67 -5.98))"
11176,16560,43192,0104 | 04 OG,54ebfb6909259f31ede1e921ef359627,138439.0,1451129.0,Wohnen,Küche,Ausstattung,,HNF,0.0,11.6,0.9,"POLYGON ((4.04 -2.84, 4.35 -3.31, 2.86 -4.32, 2.55 -3.85, 4.04 -2.84))"
11176,16560,43192,0104 | 04 OG,54ebfb6909259f31ede1e921ef359627,138439.0,1451096.0,Wohnen,Waschbecken,Ausstattung,,,,12.2,0.25,"POLYGON ((1.53 0.92, 1.12 0.65, 0.78 1.15, 1.19 1.43, 1.53 0.92))"
11176,16560,43192,0104 | 04 OG,54ebfb6909259f31ede1e921ef359627,138439.0,1451096.0,Wohnen,Toilette,Ausstattung,,,,11.6,0.4,"POLYGON ((0.93 1.89, 1.17 1.54, 0.72 1.23, 0.48 1.58, 0.93 1.89))"
11176,16560,43192,0104 | 04 OG,54ebfb6909259f31ede1e921ef359627,138439.0,1451096.0,Wohnen,Badewanne,Ausstattung,,,,11.6,0.6,"POLYGON ((1.32 3.13, 1.72 2.54, 0.29 1.57, -0.11 2.16, 1.32 3.13))"
11176,16560,43192,0104 | 04 OG,54ebfb6909259f31ede1e921ef359627,138439.0,,Wohnen,Fenster,Öffnung,,,,12.1,1.9,"POLYGON ((5.52 -5.45, 6.36 -4.87, 6.49 -5.06, 5.64 -5.63, 5.52 -5.45))"
11176,16560,43192,0104 | 04 OG,54ebfb6909259f31ede1e921ef359627,138439.0,,Wohnen,Tür,Öffnung,,,,11.6,2.0,"POLYGON ((3.47 -1.83, 3.76 -2.26, 3.68 -2.32, 3.39 -1.89, 3.47 -1.83))"
11176,16560,43192,0104 | 04 OG,54ebfb6909259f31ede1e921ef359627,138439.0,,Wohnen,Tür,Öffnung,,,,11.6,2.0,"POLYGON ((4.53 -3.06, 5.05 -2.71, 5.09 -2.78, 4.57 -3.13, 4.53 -3.06))"
11176,16560,43192,0104 | 04 OG,54ebfb6909259f31ede1e921ef359627,138439.0,,Wohnen,Fenster,Öffnung,,,,12.1,1.9,"POLYGON ((3.11 5.61, 3.39 5.19, 3.22 5.08, 2.94 5.5, 3.11 5.61))"
11176,16560,43192,0104 | 04 OG,54ebfb6909259f31ede1e921ef359627,138439.0,,Wohnen,Fenster,Öffnung,,,,12.1,1.9,"POLYGON ((10.35 -2.18, 10.68 -2.66, 10.26 -2.94, 9.93 -2.46, 10.35 -2.18))"
11176,16560,43192,0104 | 04 OG,54ebfb6909259f31ede1e921ef359627,138439.0,,Wohnen,Tür,Öffnung,,,,11.6,2.0,"POLYGON ((2.7 1.31, 3.12 0.7, 3.01 0.63, 2.6 1.24, 2.7 1.31))"
11176,16560,43192,0104 | 04 OG,54ebfb6909259f31ede1e921ef359627,138439.0,,Wohnen,Fenster,Öffnung,,,,12.1,1.9,"POLYGON ((3.45 -6.85, 3.91 -6.54, 4.04 -6.72, 3.57 -7.04, 3.45 -6.85))"
11176,16560,43192,0104 | 04 OG,54ebfb6909259f31ede1e921ef359627,138439.0,,Wohnen,Tür,Öffnung,,,,11.6,2.0,"POLYGON ((6.93 -5.06, 7.33 -5.65, 7.19 -5.75, 6.79 -5.16, 6.93 -5.06))"
11176,16560,43192,0104 | 04 OG,54ebfb6909259f31ede1e921ef359627,138439.0,,Wohnen,Fenster,Öffnung,,,,12.1,1.9,"POLYGON ((7.6 -5.69, 10.57 -3.67, 10.79 -3.98, 7.81 -6, 7.6 -5.69))"
11176,16560,43192,0104 | 04 OG,54ebfb6909259f31ede1e921ef359627,138439.0,,Wohnen,Fenster,Öffnung,,,,12.1,1.9,"POLYGON ((6.93 2.87, 7.85 1.52, 7.43 1.23, 6.51 2.59, 6.93 2.87))"
11176,16560,43192,0104 | 04 OG,54ebfb6909259f31ede1e921ef359627,138439.0,,Wohnen,Tür,Öffnung,,,,11.6,2.0,"POLYGON ((3.38 0.32, 3.79 -0.29, 3.69 -0.37, 3.27 0.25, 3.38 0.32))"
11176,16560,43192,0104 | 04 OG,54ebfb6909259f31ede1e921ef359627,138439.0,,Wohnen,Tür,Öffnung,,,,11.6,2.0,"POLYGON ((4.81 -5.92, 5.4 -5.52, 5.53 -5.71, 4.94 -6.11, 4.81 -5.92))"
11176,16560,43192,0104 | 04 OG,54ebfb6909259f31ede1e921ef359627,138439.0,,Wohnen,Fenster,Öffnung,,,,12.1,1.9,"POLYGON ((5.38 5.16, 6.29 3.8, 5.88 3.52, 4.96 4.87, 5.38 5.16))"
11176,16560,43192,0104 | 04 OG,54ebfb6909259f31ede1e921ef359627,138439.0,,Wohnen,Eingangstür,Öffnung,,,,11.6,2.0,"POLYGON ((1.99 -0.96, 2.44 -1.61, 2.32 -1.68, 1.88 -1.03, 1.99 -0.96))"
11176,16560,43192,0104 | 04 OG,54ebfb6909259f31ede1e921ef359627,138439.0,,Wohnen,Fenster,Öffnung,,,,12.1,1.9,"POLYGON ((4.29 -6.28, 4.75 -5.97, 4.88 -6.15, 4.42 -6.46, 4.29 -6.28))"
11176,16560,43192,0104 | 04 OG,54ebfb6909259f31ede1e921ef359627,138439.0,,Wohnen,Tür,Öffnung,,,,11.6,2.0,"POLYGON ((4.79 -1.76, 5.2 -2.37, 5.09 -2.44, 4.68 -1.83, 4.79 -1.76))"
11176,16560,43192,0104 | 04 OG,54ebfb6909259f31ede1e921ef359627,138439.0,,Wohnen,Tür,Öffnung,,,,11.6,2.0,"POLYGON ((1.71 0.88, 2.24 1.24, 2.29 1.17, 1.76 0.81, 1.71 0.88))"
11176,16560,43201,0103 | 03 OG,c51f9e8ea5da35f1fe4109b95a9c6004,138443.0,1451203.0,Wohnen,Abstellraum,Raum,0.69,NNF,0.0,8.7,2.6,"POLYGON ((-3.23 2.21, -3.55 2.67, -2.53 3.36, -2.21 2.9, -3.19 2.23, -3.23 2.21))"
11176,16560,43201,0103 | 03 OG,c51f9e8ea5da35f1fe4109b95a9c6004,138443.0,1451179.0,Wohnen,Badezimmer,Raum,3.38,HNF,0.0,8.7,2.6,"POLYGON ((-3.94 0.03, -5.04 1.65, -3.61 2.62, -3.3 2.16, -2.51 1, -3.94 0.03))"
11176,16560,43201,0103 | 03 OG,c51f9e8ea5da35f1fe4109b95a9c6004,138443.0,1451212.0,Wohnen,Zimmer,Raum,12.04,HNF,1.0,8.7,2.6,"POLYGON ((-4.02 -0.04, -7.29 -2.25, -8.96 0.21, -7.37 1.29, -7.36 1.28, -7 1.52, -7.11 1.69, -5.8 2.58, -4.02 -0.04))"
11176,16560,43201,0103 | 03 OG,c51f9e8ea5da35f1fe4109b95a9c6004,138443.0,1451082.0,Wohnen,Wohnküche,Raum,22.98,HNF,0.5,8.7,2.6,"POLYGON ((1.77 7.77, 1.73 7.83, -2.23 5.14, -4.43 8.4, 0.39 11.67, 0.5 11.51, 2.63 8.36, 1.89 7.85, 1.77 7.77))"
11176,16560,43201,0103 | 03 OG,c51f9e8ea5da35f1fe4109b95a9c6004,138443.0,1451195.0,Wohnen,Küche,Raum,10.01,HNF,0.0,8.7,2.6,"POLYGON ((1.68 7.31, 1.7 7.32, 3.32 4.94, 0.69 3.17, -1.08 5.78, 1.52 7.55, 1.68 7.31))"
11176,16560,43201,0103 | 03 OG,c51f9e8ea5da35f1fe4109b95a9c6004,138443.0,1451110.0,Wohnen,Badezimmer,Raum,2.11,HNF,0.0,8.7,2.6,"POLYGON ((-0.48 4.75, 0.58 3.19, -0.36 2.56, -1 3.5, -0.97 3.52, -1.39 4.13, -0.48 4.75))"
11176,16560,43201,0103 | 03 OG,c51f9e8ea5da35f1fe4109b95a9c6004,138443.0,1451191.0,Wohnen,Zimmer,Raum,9.77,HNF,1.0,8.7,2.6,"POLYGON ((-2.33 5.07, -4.39 3.68, -6.6 6.93, -4.54 8.32, -2.33 5.07))"
11176,16560,43201,0103 | 03 OG,c51f9e8ea5da35f1fe4109b95a9c6004,138443.0,1451215.0,Wohnen,Zimmer,Raum,12.89,HNF,1.0,8.7,2.6,"POLYGON ((-4.46 3.63, -7.18 1.79, -9.38 5.04, -6.66 6.88, -4.46 3.63))"
11176,16560,43201,0103 | 03 OG,c51f9e8ea5da35f1fe4109b95a9c6004,138443.0,1451050.0,Wohnen,Balkon,Raum,3.6,ANF,0.0,8.7,2.6,"POLYGON ((4.34 5.81, 4.35 5.79, 3.42 5.15, 1.87 7.43, 2.08 7.58, 2 7.69, 2.77 8.2, 2.76 8.21, 2.83 8.26, 4.44 5.88, 4.34 5.81))"
11176,16560,43201,0103 | 03 OG,c51f9e8ea5da35f1fe4109b95a9c6004,138443.0,1451157.0,Wohnen,Korridor,Raum,6.96,HNF,0.0,8.7,2.6,"POLYGON ((-1.5 4.15, -1.14 3.62, -2.14 2.94, -2.51 3.47, -2.57 3.43, -2.57 3.42, -5.08 1.71, -5.71 2.64, -1.15 5.74, -0.52 4.81, -1.47 4.17, -1.5 4.15))"
11176,16560,43201,0103 | 03 OG,c51f9e8ea5da35f1fe4109b95a9c6004,138443.0,1451179.0,Wohnen,Waschbecken,Ausstattung,,,,9.3,0.25,"POLYGON ((-3.11 1.64, -3.5 1.38, -3.78 1.8, -3.4 2.07, -3.11 1.64))"
11176,16560,43201,0103 | 03 OG,c51f9e8ea5da35f1fe4109b95a9c6004,138443.0,1451179.0,Wohnen,Badewanne,Ausstattung,,,,8.7,0.6,"POLYGON ((-2.91 1.59, -2.51 1, -3.83 0.11, -4.23 0.7, -2.91 1.59))"
11176,16560,43201,0103 | 03 OG,c51f9e8ea5da35f1fe4109b95a9c6004,138443.0,1451195.0,Wohnen,Küche,Ausstattung,,HNF,0.0,8.7,0.9,"POLYGON ((0.97 3.8, 0.49 3.48, -0.41 4.79, 0.07 5.12, 0.97 3.8))"
11176,16560,43201,0103 | 03 OG,c51f9e8ea5da35f1fe4109b95a9c6004,138443.0,1451195.0,Wohnen,Küche,Ausstattung,,HNF,0.0,8.7,0.9,"POLYGON ((2.94 5.4, 3.27 4.91, 0.7 3.17, 0.37 3.66, 2.94 5.4))"
11176,16560,43201,0103 | 03 OG,c51f9e8ea5da35f1fe4109b95a9c6004,138443.0,1451110.0,Wohnen,Toilette,Ausstattung,,,,8.7,0.4,"POLYGON ((0.29 3.01, -0.06 2.77, -0.36 3.22, -0.02 3.45, 0.29 3.01))"
11176,16560,43201,0103 | 03 OG,c51f9e8ea5da35f1fe4109b95a9c6004,138443.0,1451110.0,Wohnen,Waschbecken,Ausstattung,,,,9.3,0.25,"POLYGON ((-0.49 3.6, -0.81 3.39, -1.07 3.78, -0.76 3.99, -0.49 3.6))"
11176,16560,43201,0103 | 03 OG,c51f9e8ea5da35f1fe4109b95a9c6004,138443.0,,Wohnen,Fenster,Öffnung,,,,9.2,1.9,"POLYGON ((-0.91 11.36, -0.45 11.67, -0.17 11.27, -0.64 10.96, -0.91 11.36))"
11176,16560,43201,0103 | 03 OG,c51f9e8ea5da35f1fe4109b95a9c6004,138443.0,,Wohnen,Tür,Öffnung,,,,8.7,2.0,"POLYGON ((-0.93 5.56, -0.52 4.95, -0.58 4.9, -1 5.51, -0.93 5.56))"
11176,16560,43201,0103 | 03 OG,c51f9e8ea5da35f1fe4109b95a9c6004,138443.0,,Wohnen,Eingangstür,Öffnung,,,,8.7,2.0,"POLYGON ((-2.01 3.03, -1.4 3.45, -1.32 3.33, -1.93 2.91, -2.01 3.03))"
11176,16560,43201,0103 | 03 OG,c51f9e8ea5da35f1fe4109b95a9c6004,138443.0,,Wohnen,Tür,Öffnung,,,,8.7,2.0,"POLYGON ((2.62 6.33, 3.04 5.72, 2.87 5.6, 2.45 6.21, 2.62 6.33))"
11176,16560,43201,0103 | 03 OG,c51f9e8ea5da35f1fe4109b95a9c6004,138443.0,,Wohnen,Fenster,Öffnung,,,,9.2,1.9,"POLYGON ((-6.69 7.44, -5.3 8.38, -5.03 7.98, -6.41 7.04, -6.69 7.44))"
11176,16560,43201,0103 | 03 OG,c51f9e8ea5da35f1fe4109b95a9c6004,138443.0,,Wohnen,Fenster,Öffnung,,,,9.2,1.9,"POLYGON ((1.95 7.32, 2.56 6.42, 2.39 6.3, 1.78 7.2, 1.95 7.32))"
11176,16560,43201,0103 | 03 OG,c51f9e8ea5da35f1fe4109b95a9c6004,138443.0,,Wohnen,Tür,Öffnung,,,,8.7,2.0,"POLYGON ((-1.13 4.4, -0.62 4.75, -0.57 4.68, -1.08 4.34, -1.13 4.4))"
11176,16560,43201,0103 | 03 OG,c51f9e8ea5da35f1fe4109b95a9c6004,138443.0,,Wohnen,Tür,Öffnung,,,,8.7,2.0,"POLYGON ((1.91 7.88, 2.52 8.29, 2.64 8.11, 2.03 7.7, 1.91 7.88))"
11176,16560,43201,0103 | 03 OG,c51f9e8ea5da35f1fe4109b95a9c6004,138443.0,,Wohnen,Tür,Öffnung,,,,8.7,2.0,"POLYGON ((-5.56 2.42, -5.15 1.81, -5.23 1.75, -5.65 2.36, -5.56 2.42))"
11176,16560,43201,0103 | 03 OG,c51f9e8ea5da35f1fe4109b95a9c6004,138443.0,,Wohnen,Tür,Öffnung,,,,8.7,2.0,"POLYGON ((-2.11 5.22, -1.5 5.64, -1.44 5.54, -2.05 5.13, -2.11 5.22))"
11176,16560,43201,0103 | 03 OG,c51f9e8ea5da35f1fe4109b95a9c6004,138443.0,,Wohnen,Fenster,Öffnung,,,,9.2,1.9,"POLYGON ((0.84 11.65, 2.79 8.78, 2.48 8.57, 0.54 11.44, 0.84 11.65))"
11176,16560,43201,0103 | 03 OG,c51f9e8ea5da35f1fe4109b95a9c6004,138443.0,,Wohnen,Fenster,Öffnung,,,,9.2,1.9,"POLYGON ((3.11 5.61, 3.39 5.19, 3.22 5.08, 2.94 5.5, 3.11 5.61))"
11176,16560,43201,0103 | 03 OG,c51f9e8ea5da35f1fe4109b95a9c6004,138443.0,,Wohnen,Tür,Öffnung,,,,8.7,2.0,"POLYGON ((-4.21 3.8, -3.6 4.21, -3.53 4.12, -4.14 3.7, -4.21 3.8))"
11176,16560,43201,0103 | 03 OG,c51f9e8ea5da35f1fe4109b95a9c6004,138443.0,,Wohnen,Tür,Öffnung,,,,8.7,2.0,"POLYGON ((-3.35 2.88, -2.97 3.15, -2.93 3.09, -3.31 2.83, -3.35 2.88))"
11176,16560,43201,0103 | 03 OG,c51f9e8ea5da35f1fe4109b95a9c6004,138443.0,,Wohnen,Tür,Öffnung,,,,8.7,2.0,"POLYGON ((-4.91 1.82, -4.36 2.2, -4.32 2.14, -4.88 1.77, -4.91 1.82))"
11176,16560,43201,0103 | 03 OG,c51f9e8ea5da35f1fe4109b95a9c6004,138443.0,,Wohnen,Tür,Öffnung,,,,8.7,2.0,"POLYGON ((-5.18 3.14, -4.57 3.56, -4.5 3.46, -5.11 3.05, -5.18 3.14))"
11176,16560,43201,0103 | 03 OG,c51f9e8ea5da35f1fe4109b95a9c6004,138443.0,,Wohnen,Fenster,Öffnung,,,,9.2,1.9,"POLYGON ((-8.96 5.9, -7.59 6.83, -7.31 6.43, -8.68 5.5, -8.96 5.9))"
11176,16560,43201,0103 | 03 OG,c51f9e8ea5da35f1fe4109b95a9c6004,138443.0,,Wohnen,Fenster,Öffnung,,,,9.2,1.9,"POLYGON ((-8.28 -0.76, -7.35 -2.14, -7.75 -2.41, -8.68 -1.03, -8.28 -0.76))"
11176,16560,43201,0103 | 03 OG,32f2c6a0fcdd41e5e94b0ee16b1c9bba,138446.0,1451197.0,Wohnen,Balkon,Raum,3.57,ANF,0.0,8.7,2.6,"POLYGON ((4.18 -6.62, 4.88 -7.65, 2.52 -9.26, 2.47 -9.18, 2.44 -9.2, 1.93 -8.44, 2.06 -8.35, 1.92 -8.15, 4.18 -6.62))"
11176,16560,43201,0103 | 03 OG,32f2c6a0fcdd41e5e94b0ee16b1c9bba,138446.0,1451175.0,Wohnen,Schacht,Raum,0.18,FF,0.0,8.7,2.6,"POLYGON ((1.13 -4.37, 1.29 -4.61, 0.77 -4.96, 0.61 -4.73, 1.13 -4.37))"
11176,16560,43201,0103 | 03 OG,32f2c6a0fcdd41e5e94b0ee16b1c9bba,138446.0,1451181.0,Wohnen,Badezimmer,Raum,3.66,HNF,0.0,8.7,2.6,"POLYGON ((-2.6 -1.96, -3.79 -0.21, -2.35 0.76, -1.17 -0.99, -2.6 -1.96))"
11176,16560,43201,0103 | 03 OG,32f2c6a0fcdd41e5e94b0ee16b1c9bba,138446.0,1451210.0,Wohnen,Zimmer,Raum,12.92,HNF,1.0,8.7,2.6,"POLYGON ((-5.3 -5.17, -7.16 -2.43, -3.93 -0.24, -2.07 -2.98, -5.3 -5.17))"
11176,16560,43201,0103 | 03 OG,32f2c6a0fcdd41e5e94b0ee16b1c9bba,138446.0,1451188.0,Wohnen,Schacht,Raum,0.11,FF,0.0,8.7,2.6,"POLYGON ((-3.19 0.45, -3.12 0.34, -3.81 -0.13, -3.88 -0.02, -3.19 0.45))"
11176,16560,43201,0103 | 03 OG,32f2c6a0fcdd41e5e94b0ee16b1c9bba,138446.0,1451170.0,Wohnen,Abstellraum,Raum,0.8,NNF,0.0,8.7,2.6,"POLYGON ((-0.15 -3.61, 0.37 -3.25, 1.08 -4.29, 0.56 -4.65, -0.15 -3.61))"
11176,16560,43201,0103 | 03 OG,32f2c6a0fcdd41e5e94b0ee16b1c9bba,138446.0,1451165.0,Wohnen,Küche,Raum,8.15,HNF,0.0,8.7,2.6,"POLYGON ((0.81 -5.02, 1.33 -4.67, 1.34 -4.67, 1.41 -4.62, 2.32 -4.01, 4 -6.48, 1.58 -8.12, 0.2 -6.1, 1.12 -5.47, 1.08 -5.41, 0.81 -5.02))"
11176,16560,43201,0103 | 03 OG,32f2c6a0fcdd41e5e94b0ee16b1c9bba,138446.0,1451185.0,Wohnen,Korridor,Raum,6.71,HNF,0.0,8.7,2.6,"POLYGON ((-0.26 -3.61, 1 -5.46, 0.16 -6.03, -2.54 -2.04, -1.11 -1.07, 0.33 -3.19, -0.25 -3.58, -0.24 -3.59, -0.26 -3.61))"
11176,16560,43201,0103 | 03 OG,32f2c6a0fcdd41e5e94b0ee16b1c9bba,138446.0,1451207.0,Wohnen,Zimmer,Raum,19.55,HNF,1.0,8.7,2.6,"POLYGON ((-0.99 -11.53, -3.79 -7.4, -0.56 -5.21, 1.64 -8.46, 1.71 -8.42, 2.31 -9.29, -0.99 -11.53))"
11176,16560,43201,0103 | 03 OG,32f2c6a0fcdd41e5e94b0ee16b1c9bba,138446.0,1451208.0,Wohnen,Zimmer,Raum,9.66,HNF,1.0,8.7,2.6,"POLYGON ((-3.86 -7.3, -5.25 -5.26, -2.02 -3.06, -0.63 -5.11, -3.86 -7.3))"
11176,16560,43201,0103 | 03 OG,32f2c6a0fcdd41e5e94b0ee16b1c9bba,138446.0,1451199.0,Wohnen,Schacht,Raum,0.02,FF,0.0,8.7,2.6,"POLYGON ((-2.47 0.94, -2.4 0.83, -2.55 0.73, -2.63 0.84, -2.47 0.94))"
11176,16560,43201,0103 | 03 OG,32f2c6a0fcdd41e5e94b0ee16b1c9bba,138446.0,1451181.0,Wohnen,Badewanne,Ausstattung,,,,8.7,0.6,"POLYGON ((-2.35 0.76, -1.96 0.19, -3.4 -0.78, -3.78 -0.21, -2.35 0.76))"
11176,16560,43201,0103 | 03 OG,32f2c6a0fcdd41e5e94b0ee16b1c9bba,138446.0,1451181.0,Wohnen,Toilette,Ausstattung,,,,8.7,0.4,"POLYGON ((-2 -0.07, -1.78 -0.39, -2.23 -0.7, -2.45 -0.37, -2 -0.07))"
11176,16560,43201,0103 | 03 OG,32f2c6a0fcdd41e5e94b0ee16b1c9bba,138446.0,1451181.0,Wohnen,Waschbecken,Ausstattung,,,,9.3,0.25,"POLYGON ((-1.41 -0.94, -1.8 -1.2, -2.09 -0.78, -1.7 -0.51, -1.41 -0.94))"
11176,16560,43201,0103 | 03 OG,32f2c6a0fcdd41e5e94b0ee16b1c9bba,138446.0,1451165.0,Wohnen,Küche,Ausstattung,,HNF,0.0,8.7,0.9,"POLYGON ((2.31 -4.03, 2.61 -4.48, 1.13 -5.48, 0.82 -5.03, 2.31 -4.03))"
11176,16560,43201,0103 | 03 OG,32f2c6a0fcdd41e5e94b0ee16b1c9bba,138446.0,1451165.0,Wohnen,Küche,Ausstattung,,HNF,0.0,8.7,0.9,"POLYGON ((3.98 -6.46, 3.49 -6.79, 1.85 -4.37, 2.34 -4.04, 3.98 -6.46))"
11176,16560,43201,0103 | 03 OG,32f2c6a0fcdd41e5e94b0ee16b1c9bba,138446.0,,Wohnen,Tür,Öffnung,,,,8.7,2.0,"POLYGON ((-1.79 -3.16, -1.37 -3.77, -1.49 -3.85, -1.9 -3.24, -1.79 -3.16))"
11176,16560,43201,0103 | 03 OG,32f2c6a0fcdd41e5e94b0ee16b1c9bba,138446.0,,Wohnen,Fenster,Öffnung,,,,9.2,1.9,"POLYGON ((-5.18 -5.34, -4.28 -6.66, -4.68 -6.93, -5.57 -5.61, -5.18 -5.34))"
11176,16560,43201,0103 | 03 OG,32f2c6a0fcdd41e5e94b0ee16b1c9bba,138446.0,,Wohnen,Fenster,Öffnung,,,,9.2,1.9,"POLYGON ((-0.78 -11.38, 2.16 -9.38, 2.35 -9.66, -0.59 -11.66, -0.78 -11.38))"
11176,16560,43201,0103 | 03 OG,32f2c6a0fcdd41e5e94b0ee16b1c9bba,138446.0,,Wohnen,Fenster,Öffnung,,,,9.2,1.9,"POLYGON ((3.45 -6.85, 3.91 -6.54, 4.04 -6.72, 3.57 -7.04, 3.45 -6.85))"
11176,16560,43201,0103 | 03 OG,32f2c6a0fcdd41e5e94b0ee16b1c9bba,138446.0,,Wohnen,Tür,Öffnung,,,,8.7,2.0,"POLYGON ((-0.37 -5.25, 0.05 -5.86, -0.07 -5.94, -0.49 -5.33, -0.37 -5.25))"
11176,16560,43201,0103 | 03 OG,32f2c6a0fcdd41e5e94b0ee16b1c9bba,138446.0,,Wohnen,Tür,Öffnung,,,,8.7,2.0,"POLYGON ((-2.38 -1.81, -1.83 -1.44, -1.77 -1.52, -2.32 -1.9, -2.38 -1.81))"
11176,16560,43201,0103 | 03 OG,32f2c6a0fcdd41e5e94b0ee16b1c9bba,138446.0,,Wohnen,Fenster,Öffnung,,,,9.2,1.9,"POLYGON ((-1.71 -10.46, -1.4 -10.91, -1.8 -11.19, -2.11 -10.73, -1.71 -10.46))"
11176,16560,43201,0103 | 03 OG,32f2c6a0fcdd41e5e94b0ee16b1c9bba,138446.0,,Wohnen,Tür,Öffnung,,,,8.7,2.0,"POLYGON ((1.97 -8.49, 2.37 -9.09, 2.23 -9.18, 1.83 -8.59, 1.97 -8.49))"
11176,16560,43201,0103 | 03 OG,32f2c6a0fcdd41e5e94b0ee16b1c9bba,138446.0,,Wohnen,Tür,Öffnung,,,,8.7,2.0,"POLYGON ((2.84 -7.26, 3.41 -6.87, 3.54 -7.06, 2.96 -7.45, 2.84 -7.26))"
11176,16560,43201,0103 | 03 OG,32f2c6a0fcdd41e5e94b0ee16b1c9bba,138446.0,,Wohnen,Tür,Öffnung,,,,8.7,2.0,"POLYGON ((0.17 -4.07, 0.48 -4.52, 0.4 -4.58, 0.09 -4.12, 0.17 -4.07))"
11176,16560,43201,0103 | 03 OG,32f2c6a0fcdd41e5e94b0ee16b1c9bba,138446.0,,Wohnen,Tür,Öffnung,,,,8.7,2.0,"POLYGON ((-2.45 -2.17, -2.04 -2.78, -2.16 -2.86, -2.57 -2.25, -2.45 -2.17))"
11176,16560,43201,0103 | 03 OG,32f2c6a0fcdd41e5e94b0ee16b1c9bba,138446.0,,Wohnen,Tür,Öffnung,,,,8.7,2.0,"POLYGON ((0.33 -5.92, 0.84 -5.57, 0.89 -5.63, 0.37 -5.98, 0.33 -5.92))"
11176,16560,43201,0103 | 03 OG,32f2c6a0fcdd41e5e94b0ee16b1c9bba,138446.0,,Wohnen,Fenster,Öffnung,,,,9.2,1.9,"POLYGON ((4.29 -6.28, 4.75 -5.97, 4.88 -6.15, 4.42 -6.46, 4.29 -6.28))"
11176,16560,43201,0103 | 03 OG,32f2c6a0fcdd41e5e94b0ee16b1c9bba,138446.0,,Wohnen,Eingangstür,Öffnung,,,,8.7,2.0,"POLYGON ((-0.11 -2.3, 0.36 -3, 0.25 -3.07, -0.22 -2.38, -0.11 -2.3))"
11176,16560,43201,0103 | 03 OG,32f2c6a0fcdd41e5e94b0ee16b1c9bba,138446.0,,Wohnen,Fenster,Öffnung,,,,9.2,1.9,"POLYGON ((1.89 -7.9, 2.77 -7.31, 2.9 -7.49, 2.02 -8.09, 1.89 -7.9))"
11176,16560,43201,0103 | 03 OG,32f2c6a0fcdd41e5e94b0ee16b1c9bba,138446.0,,Wohnen,Fenster,Öffnung,,,,9.2,1.9,"POLYGON ((-6.73 -3.05, -5.79 -4.43, -6.19 -4.7, -7.13 -3.32, -6.73 -3.05))"
11176,16560,43201,0103 | 03 OG,002c430afa9e8f311aa24592cef146bd,138449.0,1451066.0,Wohnen,Zimmer,Raum,9.61,HNF,1.0,8.7,2.6,"POLYGON ((6.46 2.68, 7.85 0.63, 4.64 -1.55, 3.25 0.5, 6.46 2.68))"
11176,16560,43201,0103 | 03 OG,002c430afa9e8f311aa24592cef146bd,138449.0,1451060.0,Wohnen,Zimmer,Raum,12.58,HNF,1.0,8.7,2.6,"POLYGON ((4.57 5.46, 6.39 2.78, 3.18 0.6, 1.36 3.28, 3.5 4.74, 4.57 5.46))"
11176,16560,43201,0103 | 03 OG,002c430afa9e8f311aa24592cef146bd,138449.0,1451089.0,Wohnen,Schacht,Raum,0.6,FF,0.0,8.7,2.6,"POLYGON ((0.61 3.14, 0.62 3.12, 0.63 3.12, 0.67 3.05, 3.39 4.9, 3.42 4.85, 1.21 3.35, 1.18 3.33, 1.28 3.19, -0.15 2.22, -0.17 2.25, 0.24 2.52, 0.16 2.65, -0.25 2.37, -0.33 2.48, -0.31 2.49, -0.33 2.51, 0.61 3.14))"
11176,16560,43201,0103 | 03 OG,002c430afa9e8f311aa24592cef146bd,138449.0,1451103.0,Wohnen,Korridor,Raum,6.33,HNF,0.0,8.7,2.6,"POLYGON ((1.3 0.5, 2.53 1.34, 5.21 -2.6, 4.38 -3.17, 3.12 -1.32, 3.11 -1.31, 2.51 -1.71, 1.75 -0.59, 1.95 -0.45, 1.94 -0.42, 1.39 0.4, 1.38 0.39, 1.3 0.5))"
11176,16560,43201,0103 | 03 OG,002c430afa9e8f311aa24592cef146bd,138449.0,1451124.0,Wohnen,Schacht,Raum,0.19,FF,0.0,8.7,2.6,"POLYGON ((3.47 -3.13, 3.3 -2.88, 3.83 -2.53, 4 -2.77, 3.47 -3.13))"
11176,16560,43201,0103 | 03 OG,002c430afa9e8f311aa24592cef146bd,138449.0,1451129.0,Wohnen,Küche,Raum,8.16,HNF,0.0,8.7,2.6,"POLYGON ((4.41 -3.22, 4.42 -3.23, 5.25 -2.67, 6.63 -4.7, 4.21 -6.34, 2.53 -3.86, 3.47 -3.22, 3.47 -3.21, 3.49 -3.19, 3.5 -3.2, 4.04 -2.84, 4.34 -3.28, 4.41 -3.22))"
11176,16560,43201,0103 | 03 OG,002c430afa9e8f311aa24592cef146bd,138449.0,1451117.0,Wohnen,Abstellraum,Raum,0.8,NNF,0.0,8.7,2.6,"POLYGON ((2.55 -1.78, 3.08 -1.42, 3.78 -2.46, 3.26 -2.82, 2.61 -1.86, 2.55 -1.78))"
11176,16560,43201,0103 | 03 OG,002c430afa9e8f311aa24592cef146bd,138449.0,1451135.0,Wohnen,Balkon,Raum,3.56,ANF,0.0,8.7,2.6,"POLYGON ((6.78 -5.14, 7.3 -5.9, 7.28 -5.92, 7.33 -5.99, 4.97 -7.6, 4.27 -6.56, 6.52 -5.03, 6.65 -5.23, 6.78 -5.14))"
11176,16560,43201,0103 | 03 OG,002c430afa9e8f311aa24592cef146bd,138449.0,1451075.0,Wohnen,Zimmer,Raum,19.46,HNF,1.0,8.7,2.6,"POLYGON ((6.92 -4.91, 4.7 -1.63, 7.91 0.55, 10.71 -3.59, 7.43 -5.81, 6.91 -5.05, 6.94 -5.03, 6.87 -4.94, 6.92 -4.91))"
11176,16560,43201,0103 | 03 OG,002c430afa9e8f311aa24592cef146bd,138449.0,1451139.0,Wohnen,Schacht,Raum,0.18,FF,0.0,8.7,2.6,"POLYGON ((1.12 0.21, 1.13 0.2, 1.29 0.3, 1.77 -0.41, 1.6 -0.53, 1.1 0.19, 1.12 0.21))"
11176,16560,43201,0103 | 03 OG,002c430afa9e8f311aa24592cef146bd,138449.0,1451096.0,Wohnen,Badezimmer,Raum,3.6,HNF,0.0,8.7,2.6,"POLYGON ((1.32 3.13, 2.49 1.41, 1.26 0.57, 1.25 0.58, 1.05 0.44, -0.11 2.16, 1.32 3.13))"
11176,16560,43201,0103 | 03 OG,002c430afa9e8f311aa24592cef146bd,138449.0,1451129.0,Wohnen,Küche,Ausstattung,,HNF,0.0,8.7,0.9,"POLYGON ((4.67 -5.98, 4.19 -6.31, 2.74 -4.17, 3.22 -3.85, 4.67 -5.98))"
11176,16560,43201,0103 | 03 OG,002c430afa9e8f311aa24592cef146bd,138449.0,1451129.0,Wohnen,Küche,Ausstattung,,HNF,0.0,8.7,0.9,"POLYGON ((4.04 -2.84, 4.35 -3.31, 2.86 -4.32, 2.55 -3.85, 4.04 -2.84))"
11176,16560,43201,0103 | 03 OG,002c430afa9e8f311aa24592cef146bd,138449.0,1451096.0,Wohnen,Waschbecken,Ausstattung,,,,9.3,0.25,"POLYGON ((1.53 0.92, 1.12 0.65, 0.78 1.15, 1.19 1.43, 1.53 0.92))"
11176,16560,43201,0103 | 03 OG,002c430afa9e8f311aa24592cef146bd,138449.0,1451096.0,Wohnen,Toilette,Ausstattung,,,,8.7,0.4,"POLYGON ((0.93 1.89, 1.17 1.54, 0.72 1.23, 0.48 1.58, 0.93 1.89))"
11176,16560,43201,0103 | 03 OG,002c430afa9e8f311aa24592cef146bd,138449.0,1451096.0,Wohnen,Badewanne,Ausstattung,,,,8.7,0.6,"POLYGON ((1.32 3.13, 1.72 2.54, 0.29 1.57, -0.11 2.16, 1.32 3.13))"
11176,16560,43201,0103 | 03 OG,002c430afa9e8f311aa24592cef146bd,138449.0,,Wohnen,Fenster,Öffnung,,,,9.2,1.9,"POLYGON ((5.52 -5.45, 6.36 -4.87, 6.49 -5.06, 5.64 -5.63, 5.52 -5.45))"
11176,16560,43201,0103 | 03 OG,002c430afa9e8f311aa24592cef146bd,138449.0,,Wohnen,Fenster,Öffnung,,,,9.2,1.9,"POLYGON ((3.11 5.61, 3.39 5.19, 3.22 5.08, 2.94 5.5, 3.11 5.61))"
11176,16560,43201,0103 | 03 OG,002c430afa9e8f311aa24592cef146bd,138449.0,,Wohnen,Tür,Öffnung,,,,8.7,2.0,"POLYGON ((1.71 0.88, 2.24 1.24, 2.29 1.17, 1.76 0.81, 1.71 0.88))"
11176,16560,43201,0103 | 03 OG,002c430afa9e8f311aa24592cef146bd,138449.0,,Wohnen,Tür,Öffnung,,,,8.7,2.0,"POLYGON ((4.53 -3.06, 5.05 -2.71, 5.09 -2.78, 4.57 -3.13, 4.53 -3.06))"
11176,16560,43201,0103 | 03 OG,002c430afa9e8f311aa24592cef146bd,138449.0,,Wohnen,Fenster,Öffnung,,,,9.2,1.9,"POLYGON ((5.38 5.16, 6.29 3.8, 5.88 3.52, 4.96 4.87, 5.38 5.16))"
11176,16560,43201,0103 | 03 OG,002c430afa9e8f311aa24592cef146bd,138449.0,,Wohnen,Fenster,Öffnung,,,,9.2,1.9,"POLYGON ((6.93 2.87, 7.85 1.52, 7.43 1.23, 6.51 2.59, 6.93 2.87))"
11176,16560,43201,0103 | 03 OG,002c430afa9e8f311aa24592cef146bd,138449.0,,Wohnen,Fenster,Öffnung,,,,9.2,1.9,"POLYGON ((3.45 -6.85, 3.91 -6.54, 4.04 -6.72, 3.57 -7.04, 3.45 -6.85))"
11176,16560,43201,0103 | 03 OG,002c430afa9e8f311aa24592cef146bd,138449.0,,Wohnen,Fenster,Öffnung,,,,9.2,1.9,"POLYGON ((10.35 -2.18, 10.68 -2.66, 10.26 -2.94, 9.93 -2.46, 10.35 -2.18))"
11176,16560,43201,0103 | 03 OG,002c430afa9e8f311aa24592cef146bd,138449.0,,Wohnen,Tür,Öffnung,,,,8.7,2.0,"POLYGON ((2.7 1.31, 3.12 0.7, 3.01 0.63, 2.6 1.24, 2.7 1.31))"
11176,16560,43201,0103 | 03 OG,002c430afa9e8f311aa24592cef146bd,138449.0,,Wohnen,Tür,Öffnung,,,,8.7,2.0,"POLYGON ((4.79 -1.76, 5.2 -2.37, 5.09 -2.44, 4.68 -1.83, 4.79 -1.76))"
11176,16560,43201,0103 | 03 OG,002c430afa9e8f311aa24592cef146bd,138449.0,,Wohnen,Tür,Öffnung,,,,8.7,2.0,"POLYGON ((3.38 0.32, 3.79 -0.29, 3.69 -0.37, 3.27 0.25, 3.38 0.32))"
11176,16560,43201,0103 | 03 OG,002c430afa9e8f311aa24592cef146bd,138449.0,,Wohnen,Tür,Öffnung,,,,8.7,2.0,"POLYGON ((6.93 -5.06, 7.33 -5.65, 7.19 -5.75, 6.79 -5.16, 6.93 -5.06))"
11176,16560,43201,0103 | 03 OG,002c430afa9e8f311aa24592cef146bd,138449.0,,Wohnen,Fenster,Öffnung,,,,9.2,1.9,"POLYGON ((4.29 -6.28, 4.75 -5.97, 4.88 -6.15, 4.42 -6.46, 4.29 -6.28))"
11176,16560,43201,0103 | 03 OG,002c430afa9e8f311aa24592cef146bd,138449.0,,Wohnen,Fenster,Öffnung,,,,9.2,1.9,"POLYGON ((7.6 -5.69, 10.57 -3.67, 10.79 -3.98, 7.81 -6, 7.6 -5.69))"
11176,16560,43201,0103 | 03 OG,002c430afa9e8f311aa24592cef146bd,138449.0,,Wohnen,Eingangstür,Öffnung,,,,8.7,2.0,"POLYGON ((1.99 -0.96, 2.44 -1.61, 2.32 -1.68, 1.88 -1.03, 1.99 -0.96))"
11176,16560,43201,0103 | 03 OG,002c430afa9e8f311aa24592cef146bd,138449.0,,Wohnen,Tür,Öffnung,,,,8.7,2.0,"POLYGON ((4.81 -5.92, 5.4 -5.52, 5.53 -5.71, 4.94 -6.11, 4.81 -5.92))"
11176,16560,43201,0103 | 03 OG,002c430afa9e8f311aa24592cef146bd,138449.0,,Wohnen,Tür,Öffnung,,,,8.7,2.0,"POLYGON ((3.47 -1.83, 3.76 -2.26, 3.68 -2.32, 3.39 -1.89, 3.47 -1.83))"
11176,16560,43206,0101 | 01 OG,f018226b3c45b2499741cfa0408c9ff8,138453.0,1451157.0,Wohnen,Korridor,Raum,6.96,HNF,0.0,2.9,2.6,"POLYGON ((-1.5 4.15, -1.14 3.62, -2.14 2.94, -2.51 3.47, -2.57 3.43, -2.57 3.42, -5.08 1.71, -5.71 2.64, -1.15 5.74, -0.52 4.81, -1.47 4.17, -1.5 4.15))"
11176,16560,43206,0101 | 01 OG,f018226b3c45b2499741cfa0408c9ff8,138453.0,1451203.0,Wohnen,Abstellraum,Raum,0.69,NNF,0.0,2.9,2.6,"POLYGON ((-3.23 2.21, -3.55 2.67, -2.53 3.36, -2.21 2.9, -3.19 2.23, -3.23 2.21))"
11176,16560,43206,0101 | 01 OG,f018226b3c45b2499741cfa0408c9ff8,138453.0,1451179.0,Wohnen,Badezimmer,Raum,3.38,HNF,0.0,2.9,2.6,"POLYGON ((-3.94 0.03, -5.04 1.65, -3.61 2.62, -3.3 2.16, -2.51 1, -3.94 0.03))"
11176,16560,43206,0101 | 01 OG,f018226b3c45b2499741cfa0408c9ff8,138453.0,1451212.0,Wohnen,Zimmer,Raum,12.04,HNF,1.0,2.9,2.6,"POLYGON ((-4.02 -0.04, -7.29 -2.25, -8.96 0.21, -7.37 1.29, -7.36 1.28, -7 1.52, -7.11 1.69, -5.8 2.58, -4.02 -0.04))"
11176,16560,43206,0101 | 01 OG,f018226b3c45b2499741cfa0408c9ff8,138453.0,1451082.0,Wohnen,Wohnküche,Raum,22.98,HNF,0.5,2.9,2.6,"POLYGON ((1.77 7.77, 1.73 7.83, -2.23 5.14, -4.43 8.4, 0.39 11.67, 0.5 11.51, 2.63 8.36, 1.89 7.85, 1.77 7.77))"
11176,16560,43206,0101 | 01 OG,f018226b3c45b2499741cfa0408c9ff8,138453.0,1451195.0,Wohnen,Küche,Raum,10.01,HNF,0.0,2.9,2.6,"POLYGON ((1.68 7.31, 1.7 7.32, 3.32 4.94, 0.69 3.17, -1.08 5.78, 1.52 7.55, 1.68 7.31))"
11176,16560,43206,0101 | 01 OG,f018226b3c45b2499741cfa0408c9ff8,138453.0,1451110.0,Wohnen,Badezimmer,Raum,2.11,HNF,0.0,2.9,2.6,"POLYGON ((-0.48 4.75, 0.58 3.19, -0.36 2.56, -1 3.5, -0.97 3.52, -1.39 4.13, -0.48 4.75))"
11176,16560,43206,0101 | 01 OG,f018226b3c45b2499741cfa0408c9ff8,138453.0,1451191.0,Wohnen,Zimmer,Raum,9.77,HNF,1.0,2.9,2.6,"POLYGON ((-2.33 5.07, -4.39 3.68, -6.6 6.93, -4.54 8.32, -2.33 5.07))"
11176,16560,43206,0101 | 01 OG,f018226b3c45b2499741cfa0408c9ff8,138453.0,1451215.0,Wohnen,Zimmer,Raum,12.89,HNF,1.0,2.9,2.6,"POLYGON ((-4.46 3.63, -7.18 1.79, -9.38 5.04, -6.66 6.88, -4.46 3.63))"
11176,16560,43206,0101 | 01 OG,f018226b3c45b2499741cfa0408c9ff8,138453.0,1451050.0,Wohnen,Balkon,Raum,3.6,ANF,0.0,2.9,2.6,"POLYGON ((4.34 5.81, 4.35 5.79, 3.42 5.15, 1.87 7.43, 2.08 7.58, 2 7.69, 2.77 8.2, 2.76 8.21, 2.83 8.26, 4.44 5.88, 4.34 5.81))"
11176,16560,43206,0101 | 01 OG,f018226b3c45b2499741cfa0408c9ff8,138453.0,1451179.0,Wohnen,Waschbecken,Ausstattung,,,,3.5,0.25,"POLYGON ((-3.11 1.64, -3.5 1.38, -3.78 1.8, -3.4 2.07, -3.11 1.64))"
11176,16560,43206,0101 | 01 OG,f018226b3c45b2499741cfa0408c9ff8,138453.0,1451179.0,Wohnen,Badewanne,Ausstattung,,,,2.9,0.6,"POLYGON ((-2.91 1.59, -2.51 1, -3.83 0.11, -4.23 0.7, -2.91 1.59))"
11176,16560,43206,0101 | 01 OG,f018226b3c45b2499741cfa0408c9ff8,138453.0,1451195.0,Wohnen,Küche,Ausstattung,,HNF,0.0,2.9,0.9,"POLYGON ((0.97 3.8, 0.49 3.48, -0.41 4.79, 0.07 5.12, 0.97 3.8))"
11176,16560,43206,0101 | 01 OG,f018226b3c45b2499741cfa0408c9ff8,138453.0,1451195.0,Wohnen,Küche,Ausstattung,,HNF,0.0,2.9,0.9,"POLYGON ((2.94 5.4, 3.27 4.91, 0.7 3.17, 0.37 3.66, 2.94 5.4))"
11176,16560,43206,0101 | 01 OG,f018226b3c45b2499741cfa0408c9ff8,138453.0,1451110.0,Wohnen,Toilette,Ausstattung,,,,2.9,0.4,"POLYGON ((0.29 3.01, -0.06 2.77, -0.36 3.22, -0.02 3.45, 0.29 3.01))"
11176,16560,43206,0101 | 01 OG,f018226b3c45b2499741cfa0408c9ff8,138453.0,1451110.0,Wohnen,Waschbecken,Ausstattung,,,,3.5,0.25,"POLYGON ((-0.49 3.6, -0.81 3.39, -1.07 3.78, -0.76 3.99, -0.49 3.6))"
11176,16560,43206,0101 | 01 OG,f018226b3c45b2499741cfa0408c9ff8,138453.0,,Wohnen,Tür,Öffnung,,,,2.9,2.0,"POLYGON ((-4.91 1.82, -4.36 2.2, -4.32 2.14, -4.88 1.77, -4.91 1.82))"
11176,16560,43206,0101 | 01 OG,f018226b3c45b2499741cfa0408c9ff8,138453.0,,Wohnen,Fenster,Öffnung,,,,3.4,1.9,"POLYGON ((-8.28 -0.76, -7.35 -2.14, -7.75 -2.41, -8.68 -1.03, -8.28 -0.76))"
11176,16560,43206,0101 | 01 OG,f018226b3c45b2499741cfa0408c9ff8,138453.0,,Wohnen,Fenster,Öffnung,,,,3.4,1.9,"POLYGON ((-0.91 11.36, -0.45 11.67, -0.17 11.27, -0.64 10.96, -0.91 11.36))"
11176,16560,43206,0101 | 01 OG,f018226b3c45b2499741cfa0408c9ff8,138453.0,,Wohnen,Eingangstür,Öffnung,,,,2.9,2.0,"POLYGON ((-2.01 3.03, -1.4 3.45, -1.32 3.33, -1.93 2.91, -2.01 3.03))"
11176,16560,43206,0101 | 01 OG,f018226b3c45b2499741cfa0408c9ff8,138453.0,,Wohnen,Tür,Öffnung,,,,2.9,2.0,"POLYGON ((2.62 6.33, 3.04 5.72, 2.87 5.6, 2.45 6.21, 2.62 6.33))"
11176,16560,43206,0101 | 01 OG,f018226b3c45b2499741cfa0408c9ff8,138453.0,,Wohnen,Tür,Öffnung,,,,2.9,2.0,"POLYGON ((-0.93 5.56, -0.52 4.95, -0.58 4.9, -1 5.51, -0.93 5.56))"
11176,16560,43206,0101 | 01 OG,f018226b3c45b2499741cfa0408c9ff8,138453.0,,Wohnen,Fenster,Öffnung,,,,3.4,1.9,"POLYGON ((-6.69 7.44, -5.3 8.38, -5.03 7.98, -6.41 7.04, -6.69 7.44))"
11176,16560,43206,0101 | 01 OG,f018226b3c45b2499741cfa0408c9ff8,138453.0,,Wohnen,Tür,Öffnung,,,,2.9,2.0,"POLYGON ((-1.13 4.4, -0.62 4.75, -0.57 4.68, -1.08 4.34, -1.13 4.4))"
11176,16560,43206,0101 | 01 OG,f018226b3c45b2499741cfa0408c9ff8,138453.0,,Wohnen,Fenster,Öffnung,,,,3.4,1.9,"POLYGON ((1.95 7.32, 2.56 6.42, 2.39 6.3, 1.78 7.2, 1.95 7.32))"
11176,16560,43206,0101 | 01 OG,f018226b3c45b2499741cfa0408c9ff8,138453.0,,Wohnen,Tür,Öffnung,,,,2.9,2.0,"POLYGON ((-2.11 5.22, -1.5 5.64, -1.44 5.54, -2.05 5.13, -2.11 5.22))"
11176,16560,43206,0101 | 01 OG,f018226b3c45b2499741cfa0408c9ff8,138453.0,,Wohnen,Tür,Öffnung,,,,2.9,2.0,"POLYGON ((1.91 7.88, 2.52 8.29, 2.64 8.11, 2.03 7.7, 1.91 7.88))"
11176,16560,43206,0101 | 01 OG,f018226b3c45b2499741cfa0408c9ff8,138453.0,,Wohnen,Tür,Öffnung,,,,2.9,2.0,"POLYGON ((-5.56 2.42, -5.15 1.81, -5.23 1.75, -5.65 2.36, -5.56 2.42))"
11176,16560,43206,0101 | 01 OG,f018226b3c45b2499741cfa0408c9ff8,138453.0,,Wohnen,Fenster,Öffnung,,,,3.4,1.9,"POLYGON ((0.84 11.65, 2.79 8.78, 2.48 8.57, 0.54 11.44, 0.84 11.65))"
11176,16560,43206,0101 | 01 OG,f018226b3c45b2499741cfa0408c9ff8,138453.0,,Wohnen,Fenster,Öffnung,,,,3.4,1.9,"POLYGON ((3.11 5.61, 3.39 5.19, 3.22 5.08, 2.94 5.5, 3.11 5.61))"
11176,16560,43206,0101 | 01 OG,f018226b3c45b2499741cfa0408c9ff8,138453.0,,Wohnen,Tür,Öffnung,,,,2.9,2.0,"POLYGON ((-4.21 3.8, -3.6 4.21, -3.53 4.12, -4.14 3.7, -4.21 3.8))"
11176,16560,43206,0101 | 01 OG,f018226b3c45b2499741cfa0408c9ff8,138453.0,,Wohnen,Tür,Öffnung,,,,2.9,2.0,"POLYGON ((-3.35 2.88, -2.97 3.15, -2.93 3.09, -3.31 2.83, -3.35 2.88))"
11176,16560,43206,0101 | 01 OG,f018226b3c45b2499741cfa0408c9ff8,138453.0,,Wohnen,Tür,Öffnung,,,,2.9,2.0,"POLYGON ((-5.18 3.14, -4.57 3.56, -4.5 3.46, -5.11 3.05, -5.18 3.14))"
11176,16560,43206,0101 | 01 OG,f018226b3c45b2499741cfa0408c9ff8,138453.0,,Wohnen,Fenster,Öffnung,,,,3.4,1.9,"POLYGON ((-8.96 5.9, -7.59 6.83, -7.31 6.43, -8.68 5.5, -8.96 5.9))"
11176,16560,43206,0101 | 01 OG,20917a5d24ce60081db23b3ebd20be19,138457.0,1451208.0,Wohnen,Zimmer,Raum,9.66,HNF,1.0,2.9,2.6,"POLYGON ((-3.86 -7.3, -5.25 -5.26, -2.02 -3.06, -0.63 -5.11, -3.86 -7.3))"
11176,16560,43206,0101 | 01 OG,20917a5d24ce60081db23b3ebd20be19,138457.0,1451197.0,Wohnen,Balkon,Raum,3.57,ANF,0.0,2.9,2.6,"POLYGON ((4.18 -6.62, 4.88 -7.65, 2.52 -9.26, 2.47 -9.18, 2.44 -9.2, 1.93 -8.44, 2.06 -8.35, 1.92 -8.15, 4.18 -6.62))"
11176,16560,43206,0101 | 01 OG,20917a5d24ce60081db23b3ebd20be19,138457.0,1451199.0,Wohnen,Schacht,Raum,0.02,FF,0.0,2.9,2.6,"POLYGON ((-2.47 0.94, -2.4 0.83, -2.55 0.73, -2.63 0.84, -2.47 0.94))"
11176,16560,43206,0101 | 01 OG,20917a5d24ce60081db23b3ebd20be19,138457.0,1451175.0,Wohnen,Schacht,Raum,0.18,FF,0.0,2.9,2.6,"POLYGON ((1.13 -4.37, 1.29 -4.61, 0.77 -4.96, 0.61 -4.73, 1.13 -4.37))"
11176,16560,43206,0101 | 01 OG,20917a5d24ce60081db23b3ebd20be19,138457.0,1451181.0,Wohnen,Badezimmer,Raum,3.66,HNF,0.0,2.9,2.6,"POLYGON ((-2.6 -1.96, -3.79 -0.21, -2.35 0.76, -1.17 -0.99, -2.6 -1.96))"
11176,16560,43206,0101 | 01 OG,20917a5d24ce60081db23b3ebd20be19,138457.0,1451188.0,Wohnen,Schacht,Raum,0.11,FF,0.0,2.9,2.6,"POLYGON ((-3.19 0.45, -3.12 0.34, -3.81 -0.13, -3.88 -0.02, -3.19 0.45))"
11176,16560,43206,0101 | 01 OG,20917a5d24ce60081db23b3ebd20be19,138457.0,1451210.0,Wohnen,Zimmer,Raum,12.92,HNF,1.0,2.9,2.6,"POLYGON ((-5.3 -5.17, -7.16 -2.43, -3.93 -0.24, -2.07 -2.98, -5.3 -5.17))"
11176,16560,43206,0101 | 01 OG,20917a5d24ce60081db23b3ebd20be19,138457.0,1451170.0,Wohnen,Abstellraum,Raum,0.8,NNF,0.0,2.9,2.6,"POLYGON ((-0.15 -3.61, 0.37 -3.25, 1.08 -4.29, 0.56 -4.65, -0.15 -3.61))"
11176,16560,43206,0101 | 01 OG,20917a5d24ce60081db23b3ebd20be19,138457.0,1451165.0,Wohnen,Küche,Raum,8.15,HNF,0.0,2.9,2.6,"POLYGON ((0.81 -5.02, 1.33 -4.67, 1.34 -4.67, 1.41 -4.62, 2.32 -4.01, 4 -6.48, 1.58 -8.12, 0.2 -6.1, 1.12 -5.47, 1.08 -5.41, 0.81 -5.02))"
11176,16560,43206,0101 | 01 OG,20917a5d24ce60081db23b3ebd20be19,138457.0,1451185.0,Wohnen,Korridor,Raum,6.71,HNF,0.0,2.9,2.6,"POLYGON ((-0.26 -3.61, 1 -5.46, 0.16 -6.03, -2.54 -2.04, -1.11 -1.07, 0.33 -3.19, -0.25 -3.58, -0.24 -3.59, -0.26 -3.61))"
11176,16560,43206,0101 | 01 OG,20917a5d24ce60081db23b3ebd20be19,138457.0,1451207.0,Wohnen,Zimmer,Raum,19.55,HNF,1.0,2.9,2.6,"POLYGON ((-0.99 -11.53, -3.79 -7.4, -0.56 -5.21, 1.64 -8.46, 1.71 -8.42, 2.31 -9.29, -0.99 -11.53))"
11176,16560,43206,0101 | 01 OG,20917a5d24ce60081db23b3ebd20be19,138457.0,1451181.0,Wohnen,Badewanne,Ausstattung,,,,2.9,0.6,"POLYGON ((-2.35 0.76, -1.96 0.19, -3.4 -0.78, -3.78 -0.21, -2.35 0.76))"
11176,16560,43206,0101 | 01 OG,20917a5d24ce60081db23b3ebd20be19,138457.0,1451181.0,Wohnen,Toilette,Ausstattung,,,,2.9,0.4,"POLYGON ((-2 -0.07, -1.78 -0.39, -2.23 -0.7, -2.45 -0.37, -2 -0.07))"
11176,16560,43206,0101 | 01 OG,20917a5d24ce60081db23b3ebd20be19,138457.0,1451181.0,Wohnen,Waschbecken,Ausstattung,,,,3.5,0.25,"POLYGON ((-1.41 -0.94, -1.8 -1.2, -2.09 -0.78, -1.7 -0.51, -1.41 -0.94))"
11176,16560,43206,0101 | 01 OG,20917a5d24ce60081db23b3ebd20be19,138457.0,1451165.0,Wohnen,Küche,Ausstattung,,HNF,0.0,2.9,0.9,"POLYGON ((2.31 -4.03, 2.61 -4.48, 1.13 -5.48, 0.82 -5.03, 2.31 -4.03))"
11176,16560,43206,0101 | 01 OG,20917a5d24ce60081db23b3ebd20be19,138457.0,1451165.0,Wohnen,Küche,Ausstattung,,HNF,0.0,2.9,0.9,"POLYGON ((3.98 -6.46, 3.49 -6.79, 1.85 -4.37, 2.34 -4.04, 3.98 -6.46))"
11176,16560,43206,0101 | 01 OG,20917a5d24ce60081db23b3ebd20be19,138457.0,,Wohnen,Tür,Öffnung,,,,2.9,2.0,"POLYGON ((-1.79 -3.16, -1.37 -3.77, -1.49 -3.85, -1.9 -3.24, -1.79 -3.16))"
11176,16560,43206,0101 | 01 OG,20917a5d24ce60081db23b3ebd20be19,138457.0,,Wohnen,Fenster,Öffnung,,,,3.4,1.9,"POLYGON ((-0.78 -11.38, 2.16 -9.38, 2.35 -9.66, -0.59 -11.66, -0.78 -11.38))"
11176,16560,43206,0101 | 01 OG,20917a5d24ce60081db23b3ebd20be19,138457.0,,Wohnen,Fenster,Öffnung,,,,3.4,1.9,"POLYGON ((-5.18 -5.34, -4.28 -6.66, -4.68 -6.93, -5.57 -5.61, -5.18 -5.34))"
11176,16560,43206,0101 | 01 OG,20917a5d24ce60081db23b3ebd20be19,138457.0,,Wohnen,Fenster,Öffnung,,,,3.4,1.9,"POLYGON ((3.45 -6.85, 3.91 -6.54, 4.04 -6.72, 3.57 -7.04, 3.45 -6.85))"
11176,16560,43206,0101 | 01 OG,20917a5d24ce60081db23b3ebd20be19,138457.0,,Wohnen,Tür,Öffnung,,,,2.9,2.0,"POLYGON ((-0.37 -5.25, 0.05 -5.86, -0.07 -5.94, -0.49 -5.33, -0.37 -5.25))"
11176,16560,43206,0101 | 01 OG,20917a5d24ce60081db23b3ebd20be19,138457.0,,Wohnen,Tür,Öffnung,,,,2.9,2.0,"POLYGON ((2.84 -7.26, 3.41 -6.87, 3.54 -7.06, 2.96 -7.45, 2.84 -7.26))"
11176,16560,43206,0101 | 01 OG,20917a5d24ce60081db23b3ebd20be19,138457.0,,Wohnen,Tür,Öffnung,,,,2.9,2.0,"POLYGON ((1.97 -8.49, 2.37 -9.09, 2.23 -9.18, 1.83 -8.59, 1.97 -8.49))"
11176,16560,43206,0101 | 01 OG,20917a5d24ce60081db23b3ebd20be19,138457.0,,Wohnen,Tür,Öffnung,,,,2.9,2.0,"POLYGON ((0.17 -4.07, 0.48 -4.52, 0.4 -4.58, 0.09 -4.12, 0.17 -4.07))"
11176,16560,43206,0101 | 01 OG,20917a5d24ce60081db23b3ebd20be19,138457.0,,Wohnen,Fenster,Öffnung,,,,3.4,1.9,"POLYGON ((-1.71 -10.46, -1.4 -10.91, -1.8 -11.19, -2.11 -10.73, -1.71 -10.46))"
11176,16560,43206,0101 | 01 OG,20917a5d24ce60081db23b3ebd20be19,138457.0,,Wohnen,Fenster,Öffnung,,,,3.4,1.9,"POLYGON ((-6.73 -3.05, -5.79 -4.43, -6.19 -4.7, -7.13 -3.32, -6.73 -3.05))"
11176,16560,43206,0101 | 01 OG,20917a5d24ce60081db23b3ebd20be19,138457.0,,Wohnen,Tür,Öffnung,,,,2.9,2.0,"POLYGON ((-2.45 -2.17, -2.04 -2.78, -2.16 -2.86, -2.57 -2.25, -2.45 -2.17))"
11176,16560,43206,0101 | 01 OG,20917a5d24ce60081db23b3ebd20be19,138457.0,,Wohnen,Tür,Öffnung,,,,2.9,2.0,"POLYGON ((0.33 -5.92, 0.84 -5.57, 0.89 -5.63, 0.37 -5.98, 0.33 -5.92))"
11176,16560,43206,0101 | 01 OG,20917a5d24ce60081db23b3ebd20be19,138457.0,,Wohnen,Fenster,Öffnung,,,,3.4,1.9,"POLYGON ((4.29 -6.28, 4.75 -5.97, 4.88 -6.15, 4.42 -6.46, 4.29 -6.28))"
11176,16560,43206,0101 | 01 OG,20917a5d24ce60081db23b3ebd20be19,138457.0,,Wohnen,Fenster,Öffnung,,,,3.4,1.9,"POLYGON ((1.89 -7.9, 2.77 -7.31, 2.9 -7.49, 2.02 -8.09, 1.89 -7.9))"
11176,16560,43206,0101 | 01 OG,20917a5d24ce60081db23b3ebd20be19,138457.0,,Wohnen,Tür,Öffnung,,,,2.9,2.0,"POLYGON ((-2.38 -1.81, -1.83 -1.44, -1.77 -1.52, -2.32 -1.9, -2.38 -1.81))"
11176,16560,43206,0101 | 01 OG,20917a5d24ce60081db23b3ebd20be19,138457.0,,Wohnen,Eingangstür,Öffnung,,,,2.9,2.0,"POLYGON ((-0.11 -2.3, 0.36 -3, 0.25 -3.07, -0.22 -2.38, -0.11 -2.3))"
11176,16560,43206,0101 | 01 OG,d91312751179196ba2cf9138bd79674e,138461.0,1451096.0,Wohnen,Badezimmer,Raum,3.6,HNF,0.0,2.9,2.6,"POLYGON ((1.32 3.13, 2.49 1.41, 1.26 0.57, 1.25 0.58, 1.05 0.44, -0.11 2.16, 1.32 3.13))"
11176,16560,43206,0101 | 01 OG,d91312751179196ba2cf9138bd79674e,138461.0,1451060.0,Wohnen,Zimmer,Raum,12.58,HNF,1.0,2.9,2.6,"POLYGON ((4.57 5.46, 6.39 2.78, 3.18 0.6, 1.36 3.28, 3.5 4.74, 4.57 5.46))"
11176,16560,43206,0101 | 01 OG,d91312751179196ba2cf9138bd79674e,138461.0,1451066.0,Wohnen,Zimmer,Raum,9.61,HNF,1.0,2.9,2.6,"POLYGON ((6.46 2.68, 7.85 0.63, 4.64 -1.55, 3.25 0.5, 6.46 2.68))"
11176,16560,43206,0101 | 01 OG,d91312751179196ba2cf9138bd79674e,138461.0,1451089.0,Wohnen,Schacht,Raum,0.6,FF,0.0,2.9,2.6,"POLYGON ((0.61 3.14, 0.62 3.12, 0.63 3.12, 0.67 3.05, 3.39 4.9, 3.42 4.85, 1.21 3.35, 1.18 3.33, 1.28 3.19, -0.15 2.22, -0.17 2.25, 0.24 2.52, 0.16 2.65, -0.25 2.37, -0.33 2.48, -0.31 2.49, -0.33 2.51, 0.61 3.14))"
11176,16560,43206,0101 | 01 OG,d91312751179196ba2cf9138bd79674e,138461.0,1451103.0,Wohnen,Korridor,Raum,6.33,HNF,0.0,2.9,2.6,"POLYGON ((1.3 0.5, 2.53 1.34, 5.21 -2.6, 4.38 -3.17, 3.12 -1.32, 3.11 -1.31, 2.51 -1.71, 1.75 -0.59, 1.95 -0.45, 1.94 -0.42, 1.39 0.4, 1.38 0.39, 1.3 0.5))"
11176,16560,43206,0101 | 01 OG,d91312751179196ba2cf9138bd79674e,138461.0,1451129.0,Wohnen,Küche,Raum,8.16,HNF,0.0,2.9,2.6,"POLYGON ((4.41 -3.22, 4.42 -3.23, 5.25 -2.67, 6.63 -4.7, 4.21 -6.34, 2.53 -3.86, 3.47 -3.22, 3.47 -3.21, 3.49 -3.19, 3.5 -3.2, 4.04 -2.84, 4.34 -3.28, 4.41 -3.22))"
11176,16560,43206,0101 | 01 OG,d91312751179196ba2cf9138bd79674e,138461.0,1451124.0,Wohnen,Schacht,Raum,0.19,FF,0.0,2.9,2.6,"POLYGON ((3.47 -3.13, 3.3 -2.88, 3.83 -2.53, 4 -2.77, 3.47 -3.13))"
11176,16560,43206,0101 | 01 OG,d91312751179196ba2cf9138bd79674e,138461.0,1451117.0,Wohnen,Abstellraum,Raum,0.8,NNF,0.0,2.9,2.6,"POLYGON ((2.55 -1.78, 3.08 -1.42, 3.78 -2.46, 3.26 -2.82, 2.61 -1.86, 2.55 -1.78))"
11176,16560,43206,0101 | 01 OG,d91312751179196ba2cf9138bd79674e,138461.0,1451135.0,Wohnen,Balkon,Raum,3.56,ANF,0.0,2.9,2.6,"POLYGON ((6.78 -5.14, 7.3 -5.9, 7.28 -5.92, 7.33 -5.99, 4.97 -7.6, 4.27 -6.56, 6.52 -5.03, 6.65 -5.23, 6.78 -5.14))"
11176,16560,43206,0101 | 01 OG,d91312751179196ba2cf9138bd79674e,138461.0,1451075.0,Wohnen,Zimmer,Raum,19.46,HNF,1.0,2.9,2.6,"POLYGON ((6.92 -4.91, 4.7 -1.63, 7.91 0.55, 10.71 -3.59, 7.43 -5.81, 6.91 -5.05, 6.94 -5.03, 6.87 -4.94, 6.92 -4.91))"
11176,16560,43206,0101 | 01 OG,d91312751179196ba2cf9138bd79674e,138461.0,1451139.0,Wohnen,Schacht,Raum,0.18,FF,0.0,2.9,2.6,"POLYGON ((1.12 0.21, 1.13 0.2, 1.29 0.3, 1.77 -0.41, 1.6 -0.53, 1.1 0.19, 1.12 0.21))"
11176,16560,43206,0101 | 01 OG,d91312751179196ba2cf9138bd79674e,138461.0,1451096.0,Wohnen,Waschbecken,Ausstattung,,,,3.5,0.25,"POLYGON ((1.53 0.92, 1.12 0.65, 0.78 1.15, 1.19 1.43, 1.53 0.92))"
11176,16560,43206,0101 | 01 OG,d91312751179196ba2cf9138bd79674e,138461.0,1451096.0,Wohnen,Toilette,Ausstattung,,,,2.9,0.4,"POLYGON ((0.93 1.89, 1.17 1.54, 0.72 1.23, 0.48 1.58, 0.93 1.89))"
11176,16560,43206,0101 | 01 OG,d91312751179196ba2cf9138bd79674e,138461.0,1451096.0,Wohnen,Badewanne,Ausstattung,,,,2.9,0.6,"POLYGON ((1.32 3.13, 1.72 2.54, 0.29 1.57, -0.11 2.16, 1.32 3.13))"
11176,16560,43206,0101 | 01 OG,d91312751179196ba2cf9138bd79674e,138461.0,1451129.0,Wohnen,Küche,Ausstattung,,HNF,0.0,2.9,0.9,"POLYGON ((4.67 -5.98, 4.19 -6.31, 2.74 -4.17, 3.22 -3.85, 4.67 -5.98))"
11176,16560,43206,0101 | 01 OG,d91312751179196ba2cf9138bd79674e,138461.0,1451129.0,Wohnen,Küche,Ausstattung,,HNF,0.0,2.9,0.9,"POLYGON ((4.04 -2.84, 4.35 -3.31, 2.86 -4.32, 2.55 -3.85, 4.04 -2.84))"
11176,16560,43206,0101 | 01 OG,d91312751179196ba2cf9138bd79674e,138461.0,,Wohnen,Fenster,Öffnung,,,,3.4,1.9,"POLYGON ((3.45 -6.85, 3.91 -6.54, 4.04 -6.72, 3.57 -7.04, 3.45 -6.85))"
11176,16560,43206,0101 | 01 OG,d91312751179196ba2cf9138bd79674e,138461.0,,Wohnen,Tür,Öffnung,,,,2.9,2.0,"POLYGON ((3.47 -1.83, 3.76 -2.26, 3.68 -2.32, 3.39 -1.89, 3.47 -1.83))"
11176,16560,43206,0101 | 01 OG,d91312751179196ba2cf9138bd79674e,138461.0,,Wohnen,Eingangstür,Öffnung,,,,2.9,2.0,"POLYGON ((1.99 -0.96, 2.44 -1.61, 2.32 -1.68, 1.88 -1.03, 1.99 -0.96))"
11176,16560,43206,0101 | 01 OG,d91312751179196ba2cf9138bd79674e,138461.0,,Wohnen,Fenster,Öffnung,,,,3.4,1.9,"POLYGON ((5.38 5.16, 6.29 3.8, 5.88 3.52, 4.96 4.87, 5.38 5.16))"
11176,16560,43206,0101 | 01 OG,d91312751179196ba2cf9138bd79674e,138461.0,,Wohnen,Tür,Öffnung,,,,2.9,2.0,"POLYGON ((4.79 -1.76, 5.2 -2.37, 5.09 -2.44, 4.68 -1.83, 4.79 -1.76))"
11176,16560,43206,0101 | 01 OG,d91312751179196ba2cf9138bd79674e,138461.0,,Wohnen,Tür,Öffnung,,,,2.9,2.0,"POLYGON ((3.38 0.32, 3.79 -0.29, 3.69 -0.37, 3.27 0.25, 3.38 0.32))"
11176,16560,43206,0101 | 01 OG,d91312751179196ba2cf9138bd79674e,138461.0,,Wohnen,Tür,Öffnung,,,,2.9,2.0,"POLYGON ((1.71 0.88, 2.24 1.24, 2.29 1.17, 1.76 0.81, 1.71 0.88))"
11176,16560,43206,0101 | 01 OG,d91312751179196ba2cf9138bd79674e,138461.0,,Wohnen,Tür,Öffnung,,,,2.9,2.0,"POLYGON ((4.81 -5.92, 5.4 -5.52, 5.53 -5.71, 4.94 -6.11, 4.81 -5.92))"
11176,16560,43206,0101 | 01 OG,d91312751179196ba2cf9138bd79674e,138461.0,,Wohnen,Fenster,Öffnung,,,,3.4,1.9,"POLYGON ((4.29 -6.28, 4.75 -5.97, 4.88 -6.15, 4.42 -6.46, 4.29 -6.28))"
11176,16560,43206,0101 | 01 OG,d91312751179196ba2cf9138bd79674e,138461.0,,Wohnen,Fenster,Öffnung,,,,3.4,1.9,"POLYGON ((5.52 -5.45, 6.36 -4.87, 6.49 -5.06, 5.64 -5.63, 5.52 -5.45))"
11176,16560,43206,0101 | 01 OG,d91312751179196ba2cf9138bd79674e,138461.0,,Wohnen,Fenster,Öffnung,,,,3.4,1.9,"POLYGON ((3.11 5.61, 3.39 5.19, 3.22 5.08, 2.94 5.5, 3.11 5.61))"
11176,16560,43206,0101 | 01 OG,d91312751179196ba2cf9138bd79674e,138461.0,,Wohnen,Tür,Öffnung,,,,2.9,2.0,"POLYGON ((4.53 -3.06, 5.05 -2.71, 5.09 -2.78, 4.57 -3.13, 4.53 -3.06))"
11176,16560,43206,0101 | 01 OG,d91312751179196ba2cf9138bd79674e,138461.0,,Wohnen,Tür,Öffnung,,,,2.9,2.0,"POLYGON ((2.7 1.31, 3.12 0.7, 3.01 0.63, 2.6 1.24, 2.7 1.31))"
11176,16560,43206,0101 | 01 OG,d91312751179196ba2cf9138bd79674e,138461.0,,Wohnen,Fenster,Öffnung,,,,3.4,1.9,"POLYGON ((7.6 -5.69, 10.57 -3.67, 10.79 -3.98, 7.81 -6, 7.6 -5.69))"
11176,16560,43206,0101 | 01 OG,d91312751179196ba2cf9138bd79674e,138461.0,,Wohnen,Tür,Öffnung,,,,2.9,2.0,"POLYGON ((6.93 -5.06, 7.33 -5.65, 7.19 -5.75, 6.79 -5.16, 6.93 -5.06))"
11176,16560,43206,0101 | 01 OG,d91312751179196ba2cf9138bd79674e,138461.0,,Wohnen,Fenster,Öffnung,,,,3.4,1.9,"POLYGON ((10.35 -2.18, 10.68 -2.66, 10.26 -2.94, 9.93 -2.46, 10.35 -2.18))"
11176,16560,43206,0101 | 01 OG,d91312751179196ba2cf9138bd79674e,138461.0,,Wohnen,Fenster,Öffnung,,,,3.4,1.9,"POLYGON ((6.93 2.87, 7.85 1.52, 7.43 1.23, 6.51 2.59, 6.93 2.87))"
11176,16560,43170,0100 | EG,,,1451488.0,Öffentlich,Schacht,Raum,0.3,FF,0.0,0.0,2.6,"POLYGON ((-1.22 -0.6, -2.45 1.23, -2.34 1.31, -1.11 -0.52, -1.22 -0.6))"
11176,16560,43170,0100 | EG,,,1451407.0,Öffentlich,Nicht definiert,Raum,5.24,,0.0,0.0,2.6,"POLYGON ((0.05 10.76, -0.14 10.64, -0.13 10.63, -2.74 8.87, -2.6 8.67, -3.45 8.09, -3.58 8.29, -3.69 8.22, -4.31 9.14, -0.57 11.67, 0.05 10.76))"
11176,16560,43170,0100 | EG,,,1451477.0,Öffentlich,Nicht definiert,Raum,7.74,,0.0,0.0,2.6,"POLYGON ((-1.01 6.55, -2.45 8.67, 0.05 10.36, 1.49 8.23, -1.01 6.55))"
11176,16560,43170,0100 | EG,,,1451441.0,Öffentlich,Schacht,Raum,0.72,FF,0.0,0.0,2.6,"POLYGON ((1.31 -2.49, 2.16 -3.75, 1.53 -4.19, 0.67 -2.92, 1.31 -2.49), (1.22 -3.66, 1.49 -4.05, 1.51 -4.09, 1.95 -3.79, 2.07 -3.71, 2.08 -3.7, 1.99 -3.58, 1.78 -3.28, 1.7 -3.15, 1.69 -3.15, 1.57 -3.23, 1.57 -3.24, 1.13 -3.53, 1.22 -3.65, 1.22 -3.66))"
11176,16560,43170,0100 | EG,,,1451456.0,Öffentlich,Korridor,Raum,24.35,HNF,0.0,0.0,2.6,"POLYGON ((0.83 -1.02, 0.86 -1.07, 0.88 -1.06, -1.31 2.18, -1.3 2.19, -1.31 2.2, -1.32 2.19, -1.33 2.2, -1.34 2.19, -1.33 2.18, -2.33 1.51, -4.04 4.05, 0.55 7.15, 2.12 4.82, 2.16 4.76, -0.53 2.95, -0.44 2.83, -0.33 2.9, -0.21 2.72, 1.1 0.77, 1.24 0.58, 1.7 -0.11, 1.71 -0.11, 2.61 -1.45, 0.6 -2.81, -0.16 -1.69, 0.83 -1.02))"
11176,16560,43170,0100 | EG,,,1451433.0,Öffentlich,Aufzug,Raum,2.31,VF,0.0,0.0,2.6,"POLYGON ((3.53 -2.83, 2.27 -3.68, 1.42 -2.42, 2.67 -1.57, 3.53 -2.83))"
11176,16560,43170,0100 | EG,,,1451458.0,Öffentlich,Schacht,Raum,0.14,FF,0.0,0.0,2.6,"POLYGON ((1.55 -3.88, 1.34 -3.57, 1.65 -3.36, 1.86 -3.67, 1.55 -3.88))"
11176,16560,43170,0100 | EG,,,1451437.0,Öffentlich,Treppenhaus,Raum,4.59,VF,0.0,0.0,2.6,"POLYGON ((0.82 -1.01, -0.17 -1.68, -2.32 1.5, -1.33 2.17, 0.82 -1.01))"
11176,16560,43170,0100 | EG,,,1451428.0,Öffentlich,Nicht definiert,Raum,3.33,,0.0,0.0,2.6,"POLYGON ((-2.59 8.65, -2.56 8.6, -2.46 8.66, -1.02 6.54, -2.07 5.83, -3.55 8.01, -3.51 8.04, -2.59 8.65))"
11176,16560,43170,0100 | EG,,,1451407.0,Öffentlich,Treppe,Ausstattung,,,,0.0,2.6,"POLYGON ((-0.59 11.64, 0.02 10.74, -3.68 8.24, -4.29 9.14, -0.59 11.64))"
11176,16560,43170,0100 | EG,,,1451477.0,Öffentlich,Treppe,Ausstattung,,,,0.0,2.6,"POLYGON ((0.05 10.35, 1.47 8.25, -1 6.57, -2.43 8.68, 0.05 10.35))"
11176,16560,43170,0100 | EG,,,1451433.0,Öffentlich,Aufzug,Ausstattung,,VF,0.0,0.0,2.6,"POLYGON ((3.52 -2.82, 2.27 -3.67, 1.42 -2.42, 2.67 -1.57, 3.52 -2.82))"
11176,16560,43170,0100 | EG,,,1451437.0,Öffentlich,Treppe,Ausstattung,,,,0.0,2.6,"POLYGON ((0.76 -1.03, -0.15 -1.65, -2.26 1.47, -1.34 2.08, 0.76 -1.03))"
11176,16560,43170,0100 | EG,,,,Öffentlich,Eingangstür,Öffnung,,,,0.0,2.0,"POLYGON ((1.51 -2.19, 2.43 -1.57, 2.51 -1.68, 1.59 -2.3, 1.51 -2.19))"
11176,16560,43170,0100 | EG,,,,Öffentlich,Eingangstür,Öffnung,,,,0.0,2.0,"POLYGON ((0.03 -1.96, 0.5 -2.67, 0.39 -2.74, -0.08 -2.04, 0.03 -1.96))"
11176,16560,43170,0100 | EG,,,,Öffentlich,Eingangstür,Öffnung,,,,0.0,2.0,"POLYGON ((-1.95 5.92, -1.34 6.33, -1.12 6.01, -1.73 5.6, -1.95 5.92))"
11176,16560,43170,0100 | EG,,,,Öffentlich,Eingangstür,Öffnung,,,,0.0,2.0,"POLYGON ((2.15 -0.5, 2.62 -1.2, 2.5 -1.29, 2.02 -0.59, 2.15 -0.5))"
11176,16560,43170,0100 | EG,,,,Öffentlich,Eingangstür,Öffnung,,,,0.0,2.0,"POLYGON ((1.11 6.48, 1.76 5.51, 1.68 5.46, 1.03 6.43, 1.11 6.48))"
11176,16560,43170,0100 | EG,,,,Öffentlich,Fenster,Öffnung,,,,0.5,1.9,"POLYGON ((-0.34 12.45, -0.05 12.01, -0.46 11.73, -0.76 12.17, -0.34 12.45))"
11176,16560,43206,0101 | 01 OG,,,1451205.0,Öffentlich,Korridor,Raum,4.7,HNF,0.0,2.9,2.6,"POLYGON ((0.81 -1.49, -0.2 -2.18, -2.36 1.01, -1.35 1.69, 0.81 -1.49))"
11176,16560,43206,0101 | 01 OG,,,1451150.0,Öffentlich,Aufzug,Raum,2.26,VF,0.0,2.9,2.6,"POLYGON ((2.26 -3.93, 2.11 -4.03, 1.26 -2.78, 2.5 -1.94, 3.35 -3.19, 2.47 -3.78, 2.46 -3.76, 2.25 -3.91, 2.26 -3.93))"
11176,16560,43206,0101 | 01 OG,,,1498371.0,Öffentlich,Schacht,Raum,1.13,FF,0.0,2.9,2.6,"POLYGON ((1.16 -2.85, 2.01 -4.1, 1.39 -4.52, 0.54 -3.27, 1.16 -2.85))"
11176,16560,43206,0101 | 01 OG,,,1451143.0,Öffentlich,Treppenhaus,Raum,10.24,VF,0.0,2.9,2.6,"POLYGON ((-1.33 1.71, -1.34 1.72, -1.35 1.71, -1.36 1.73, -1.37 1.72, -1.36 1.71, -2.37 1.02, -3.11 2.12, -1.17 3.43, -0.46 2.39, -0.45 2.39, -0.28 2.14, -0.24 2.08, 1.06 0.17, 1.07 0.17, 1.64 -0.67, 2.42 -1.83, 0.47 -3.15, -0.19 -2.19, 0.82 -1.51, 0.88 -1.59, 0.89 -1.58, 0.83 -1.5, 0.85 -1.48, 0.84 -1.47, 0.82 -1.49, -1.34 1.7, -1.33 1.71))"
11176,16560,43206,0101 | 01 OG,,,1451205.0,Öffentlich,Treppe,Ausstattung,,,,2.9,2.6,"POLYGON ((0.7 -1.53, -0.21 -2.15, -2.31 0.95, -1.4 1.56, 0.7 -1.53))"
11176,16560,43206,0101 | 01 OG,,,1451150.0,Öffentlich,Aufzug,Ausstattung,,VF,0.0,2.9,2.6,"POLYGON ((3.31 -3.18, 2.12 -3.99, 1.3 -2.78, 2.49 -1.98, 3.31 -3.18))"
11176,16560,43206,0101 | 01 OG,,,,Öffentlich,Eingangstür,Öffnung,,,,2.9,2.0,"POLYGON ((-0.11 -2.3, 0.36 -3, 0.25 -3.07, -0.22 -2.38, -0.11 -2.3))"
11176,16560,43206,0101 | 01 OG,,,,Öffentlich,Eingangstür,Öffnung,,,,2.9,2.0,"POLYGON ((-2.01 3.03, -1.4 3.45, -1.32 3.33, -1.93 2.91, -2.01 3.03))"
11176,16560,43206,0101 | 01 OG,,,,Öffentlich,Eingangstür,Öffnung,,,,2.9,2.0,"POLYGON ((1.37 -2.54, 2.23 -1.96, 2.31 -2.07, 1.45 -2.66, 1.37 -2.54))"
11176,16560,43206,0101 | 01 OG,,,,Öffentlich,Eingangstür,Öffnung,,,,2.9,2.0,"POLYGON ((1.99 -0.96, 2.44 -1.61, 2.32 -1.68, 1.88 -1.03, 1.99 -0.96))"
11176,16560,43178,0102 | 02 OG,,,1451205.0,Öffentlich,Korridor,Raum,4.7,HNF,0.0,5.8,2.6,"POLYGON ((0.81 -1.49, -0.2 -2.18, -2.36 1.01, -1.35 1.69, 0.81 -1.49))"
11176,16560,43178,0102 | 02 OG,,,1451150.0,Öffentlich,Aufzug,Raum,2.26,VF,0.0,5.8,2.6,"POLYGON ((2.26 -3.93, 2.11 -4.03, 1.26 -2.78, 2.5 -1.94, 3.35 -3.19, 2.47 -3.78, 2.46 -3.76, 2.25 -3.91, 2.26 -3.93))"
11176,16560,43178,0102 | 02 OG,,,1498371.0,Öffentlich,Schacht,Raum,1.13,FF,0.0,5.8,2.6,"POLYGON ((1.16 -2.85, 2.01 -4.1, 1.39 -4.52, 0.54 -3.27, 1.16 -2.85))"
11176,16560,43178,0102 | 02 OG,,,1451143.0,Öffentlich,Treppenhaus,Raum,10.24,VF,0.0,5.8,2.6,"POLYGON ((-1.33 1.71, -1.34 1.72, -1.35 1.71, -1.36 1.73, -1.37 1.72, -1.36 1.71, -2.37 1.02, -3.11 2.12, -1.17 3.43, -0.46 2.39, -0.45 2.39, -0.28 2.14, -0.24 2.08, 1.06 0.17, 1.07 0.17, 1.64 -0.67, 2.42 -1.83, 0.47 -3.15, -0.19 -2.19, 0.82 -1.51, 0.88 -1.59, 0.89 -1.58, 0.83 -1.5, 0.85 -1.48, 0.84 -1.47, 0.82 -1.49, -1.34 1.7, -1.33 1.71))"
11176,16560,43178,0102 | 02 OG,,,1451205.0,Öffentlich,Treppe,Ausstattung,,,,5.8,2.6,"POLYGON ((0.7 -1.53, -0.21 -2.15, -2.31 0.95, -1.4 1.56, 0.7 -1.53))"
11176,16560,43178,0102 | 02 OG,,,1451150.0,Öffentlich,Aufzug,Ausstattung,,VF,0.0,5.8,2.6,"POLYGON ((3.31 -3.18, 2.12 -3.99, 1.3 -2.78, 2.49 -1.98, 3.31 -3.18))"
11176,16560,43178,0102 | 02 OG,,,,Öffentlich,Eingangstür,Öffnung,,,,5.8,2.0,"POLYGON ((-0.11 -2.3, 0.36 -3, 0.25 -3.07, -0.22 -2.38, -0.11 -2.3))"
11176,16560,43178,0102 | 02 OG,,,,Öffentlich,Eingangstür,Öffnung,,,,5.8,2.0,"POLYGON ((-2.01 3.03, -1.4 3.45, -1.32 3.33, -1.93 2.91, -2.01 3.03))"
11176,16560,43178,0102 | 02 OG,,,,Öffentlich,Eingangstür,Öffnung,,,,5.8,2.0,"POLYGON ((1.37 -2.54, 2.23 -1.96, 2.31 -2.07, 1.45 -2.66, 1.37 -2.54))"
11176,16560,43178,0102 | 02 OG,,,,Öffentlich,Eingangstür,Öffnung,,,,5.8,2.0,"POLYGON ((1.99 -0.96, 2.44 -1.61, 2.32 -1.68, 1.88 -1.03, 1.99 -0.96))"
11176,16560,43201,0103 | 03 OG,,,1451205.0,Öffentlich,Korridor,Raum,4.7,HNF,0.0,8.7,2.6,"POLYGON ((0.81 -1.49, -0.2 -2.18, -2.36 1.01, -1.35 1.69, 0.81 -1.49))"
11176,16560,43201,0103 | 03 OG,,,1451150.0,Öffentlich,Aufzug,Raum,2.26,VF,0.0,8.7,2.6,"POLYGON ((2.26 -3.93, 2.11 -4.03, 1.26 -2.78, 2.5 -1.94, 3.35 -3.19, 2.47 -3.78, 2.46 -3.76, 2.25 -3.91, 2.26 -3.93))"
11176,16560,43201,0103 | 03 OG,,,1498371.0,Öffentlich,Schacht,Raum,1.13,FF,0.0,8.7,2.6,"POLYGON ((1.16 -2.85, 2.01 -4.1, 1.39 -4.52, 0.54 -3.27, 1.16 -2.85))"
11176,16560,43201,0103 | 03 OG,,,1451143.0,Öffentlich,Treppenhaus,Raum,10.24,VF,0.0,8.7,2.6,"POLYGON ((-1.33 1.71, -1.34 1.72, -1.35 1.71, -1.36 1.73, -1.37 1.72, -1.36 1.71, -2.37 1.02, -3.11 2.12, -1.17 3.43, -0.46 2.39, -0.45 2.39, -0.28 2.14, -0.24 2.08, 1.06 0.17, 1.07 0.17, 1.64 -0.67, 2.42 -1.83, 0.47 -3.15, -0.19 -2.19, 0.82 -1.51, 0.88 -1.59, 0.89 -1.58, 0.83 -1.5, 0.85 -1.48, 0.84 -1.47, 0.82 -1.49, -1.34 1.7, -1.33 1.71))"
11176,16560,43201,0103 | 03 OG,,,1451205.0,Öffentlich,Treppe,Ausstattung,,,,8.7,2.6,"POLYGON ((0.7 -1.53, -0.21 -2.15, -2.31 0.95, -1.4 1.56, 0.7 -1.53))"
11176,16560,43201,0103 | 03 OG,,,1451150.0,Öffentlich,Aufzug,Ausstattung,,VF,0.0,8.7,2.6,"POLYGON ((3.31 -3.18, 2.12 -3.99, 1.3 -2.78, 2.49 -1.98, 3.31 -3.18))"
11176,16560,43201,0103 | 03 OG,,,,Öffentlich,Eingangstür,Öffnung,,,,8.7,2.0,"POLYGON ((-0.11 -2.3, 0.36 -3, 0.25 -3.07, -0.22 -2.38, -0.11 -2.3))"
11176,16560,43201,0103 | 03 OG,,,,Öffentlich,Eingangstür,Öffnung,,,,8.7,2.0,"POLYGON ((-2.01 3.03, -1.4 3.45, -1.32 3.33, -1.93 2.91, -2.01 3.03))"
11176,16560,43201,0103 | 03 OG,,,,Öffentlich,Eingangstür,Öffnung,,,,8.7,2.0,"POLYGON ((1.37 -2.54, 2.23 -1.96, 2.31 -2.07, 1.45 -2.66, 1.37 -2.54))"
11176,16560,43201,0103 | 03 OG,,,,Öffentlich,Eingangstür,Öffnung,,,,8.7,2.0,"POLYGON ((1.99 -0.96, 2.44 -1.61, 2.32 -1.68, 1.88 -1.03, 1.99 -0.96))"
11176,16560,43192,0104 | 04 OG,,,1451205.0,Öffentlich,Korridor,Raum,4.7,HNF,0.0,11.6,2.6,"POLYGON ((0.81 -1.49, -0.2 -2.18, -2.36 1.01, -1.35 1.69, 0.81 -1.49))"
11176,16560,43192,0104 | 04 OG,,,1451150.0,Öffentlich,Aufzug,Raum,2.26,VF,0.0,11.6,2.6,"POLYGON ((2.26 -3.93, 2.11 -4.03, 1.26 -2.78, 2.5 -1.94, 3.35 -3.19, 2.47 -3.78, 2.46 -3.76, 2.25 -3.91, 2.26 -3.93))"
11176,16560,43192,0104 | 04 OG,,,1498371.0,Öffentlich,Schacht,Raum,1.13,FF,0.0,11.6,2.6,"POLYGON ((1.16 -2.85, 2.01 -4.1, 1.39 -4.52, 0.54 -3.27, 1.16 -2.85))"
11176,16560,43192,0104 | 04 OG,,,1451143.0,Öffentlich,Treppenhaus,Raum,10.24,VF,0.0,11.6,2.6,"POLYGON ((-1.33 1.71, -1.34 1.72, -1.35 1.71, -1.36 1.73, -1.37 1.72, -1.36 1.71, -2.37 1.02, -3.11 2.12, -1.17 3.43, -0.46 2.39, -0.45 2.39, -0.28 2.14, -0.24 2.08, 1.06 0.17, 1.07 0.17, 1.64 -0.67, 2.42 -1.83, 0.47 -3.15, -0.19 -2.19, 0.82 -1.51, 0.88 -1.59, 0.89 -1.58, 0.83 -1.5, 0.85 -1.48, 0.84 -1.47, 0.82 -1.49, -1.34 1.7, -1.33 1.71))"
11176,16560,43192,0104 | 04 OG,,,1451205.0,Öffentlich,Treppe,Ausstattung,,,,11.6,2.6,"POLYGON ((0.7 -1.53, -0.21 -2.15, -2.31 0.95, -1.4 1.56, 0.7 -1.53))"
11176,16560,43192,0104 | 04 OG,,,1451150.0,Öffentlich,Aufzug,Ausstattung,,VF,0.0,11.6,2.6,"POLYGON ((3.31 -3.18, 2.12 -3.99, 1.3 -2.78, 2.49 -1.98, 3.31 -3.18))"
11176,16560,43192,0104 | 04 OG,,,,Öffentlich,Eingangstür,Öffnung,,,,11.6,2.0,"POLYGON ((-0.11 -2.3, 0.36 -3, 0.25 -3.07, -0.22 -2.38, -0.11 -2.3))"
11176,16560,43192,0104 | 04 OG,,,,Öffentlich,Eingangstür,Öffnung,,,,11.6,2.0,"POLYGON ((-2.01 3.03, -1.4 3.45, -1.32 3.33, -1.93 2.91, -2.01 3.03))"
11176,16560,43192,0104 | 04 OG,,,,Öffentlich,Eingangstür,Öffnung,,,,11.6,2.0,"POLYGON ((1.37 -2.54, 2.23 -1.96, 2.31 -2.07, 1.45 -2.66, 1.37 -2.54))"
11176,16560,43192,0104 | 04 OG,,,,Öffentlich,Eingangstür,Öffnung,,,,11.6,2.0,"POLYGON ((1.99 -0.96, 2.44 -1.61, 2.32 -1.68, 1.88 -1.03, 1.99 -0.96))"
11176,16560,43174,0105 | 05 OG,,,1451205.0,Öffentlich,Korridor,Raum,4.7,HNF,0.0,14.5,2.6,"POLYGON ((0.81 -1.49, -0.2 -2.18, -2.36 1.01, -1.35 1.69, 0.81 -1.49))"
11176,16560,43174,0105 | 05 OG,,,1451150.0,Öffentlich,Aufzug,Raum,2.26,VF,0.0,14.5,2.6,"POLYGON ((2.26 -3.93, 2.11 -4.03, 1.26 -2.78, 2.5 -1.94, 3.35 -3.19, 2.47 -3.78, 2.46 -3.76, 2.25 -3.91, 2.26 -3.93))"
11176,16560,43174,0105 | 05 OG,,,1498371.0,Öffentlich,Schacht,Raum,1.13,FF,0.0,14.5,2.6,"POLYGON ((1.16 -2.85, 2.01 -4.1, 1.39 -4.52, 0.54 -3.27, 1.16 -2.85))"
11176,16560,43174,0105 | 05 OG,,,1451143.0,Öffentlich,Treppenhaus,Raum,10.24,VF,0.0,14.5,2.6,"POLYGON ((-1.33 1.71, -1.34 1.72, -1.35 1.71, -1.36 1.73, -1.37 1.72, -1.36 1.71, -2.37 1.02, -3.11 2.12, -1.17 3.43, -0.46 2.39, -0.45 2.39, -0.28 2.14, -0.24 2.08, 1.06 0.17, 1.07 0.17, 1.64 -0.67, 2.42 -1.83, 0.47 -3.15, -0.19 -2.19, 0.82 -1.51, 0.88 -1.59, 0.89 -1.58, 0.83 -1.5, 0.85 -1.48, 0.84 -1.47, 0.82 -1.49, -1.34 1.7, -1.33 1.71))"
11176,16560,43174,0105 | 05 OG,,,1451205.0,Öffentlich,Treppe,Ausstattung,,,,14.5,2.6,"POLYGON ((0.7 -1.53, -0.21 -2.15, -2.31 0.95, -1.4 1.56, 0.7 -1.53))"
11176,16560,43174,0105 | 05 OG,,,1451150.0,Öffentlich,Aufzug,Ausstattung,,VF,0.0,14.5,2.6,"POLYGON ((3.31 -3.18, 2.12 -3.99, 1.3 -2.78, 2.49 -1.98, 3.31 -3.18))"
11176,16560,43174,0105 | 05 OG,,,,Öffentlich,Eingangstür,Öffnung,,,,14.5,2.0,"POLYGON ((-0.11 -2.3, 0.36 -3, 0.25 -3.07, -0.22 -2.38, -0.11 -2.3))"
11176,16560,43174,0105 | 05 OG,,,,Öffentlich,Eingangstür,Öffnung,,,,14.5,2.0,"POLYGON ((-2.01 3.03, -1.4 3.45, -1.32 3.33, -1.93 2.91, -2.01 3.03))"
11176,16560,43174,0105 | 05 OG,,,,Öffentlich,Eingangstür,Öffnung,,,,14.5,2.0,"POLYGON ((1.37 -2.54, 2.23 -1.96, 2.31 -2.07, 1.45 -2.66, 1.37 -2.54))"
11176,16560,43174,0105 | 05 OG,,,,Öffentlich,Eingangstür,Öffnung,,,,14.5,2.0,"POLYGON ((1.99 -0.96, 2.44 -1.61, 2.32 -1.68, 1.88 -1.03, 1.99 -0.96))"
11176,16560,43185,0106 | 06 OG,,,1451205.0,Öffentlich,Korridor,Raum,4.7,HNF,0.0,17.4,2.6,"POLYGON ((0.81 -1.49, -0.2 -2.18, -2.36 1.01, -1.35 1.69, 0.81 -1.49))"
11176,16560,43185,0106 | 06 OG,,,1451150.0,Öffentlich,Aufzug,Raum,2.26,VF,0.0,17.4,2.6,"POLYGON ((2.26 -3.93, 2.11 -4.03, 1.26 -2.78, 2.5 -1.94, 3.35 -3.19, 2.47 -3.78, 2.46 -3.76, 2.25 -3.91, 2.26 -3.93))"
11176,16560,43185,0106 | 06 OG,,,1498371.0,Öffentlich,Schacht,Raum,1.13,FF,0.0,17.4,2.6,"POLYGON ((1.16 -2.85, 2.01 -4.1, 1.39 -4.52, 0.54 -3.27, 1.16 -2.85))"
11176,16560,43185,0106 | 06 OG,,,1451143.0,Öffentlich,Treppenhaus,Raum,10.24,VF,0.0,17.4,2.6,"POLYGON ((-1.33 1.71, -1.34 1.72, -1.35 1.71, -1.36 1.73, -1.37 1.72, -1.36 1.71, -2.37 1.02, -3.11 2.12, -1.17 3.43, -0.46 2.39, -0.45 2.39, -0.28 2.14, -0.24 2.08, 1.06 0.17, 1.07 0.17, 1.64 -0.67, 2.42 -1.83, 0.47 -3.15, -0.19 -2.19, 0.82 -1.51, 0.88 -1.59, 0.89 -1.58, 0.83 -1.5, 0.85 -1.48, 0.84 -1.47, 0.82 -1.49, -1.34 1.7, -1.33 1.71))"
11176,16560,43185,0106 | 06 OG,,,1451205.0,Öffentlich,Treppe,Ausstattung,,,,17.4,2.6,"POLYGON ((0.7 -1.53, -0.21 -2.15, -2.31 0.95, -1.4 1.56, 0.7 -1.53))"
11176,16560,43185,0106 | 06 OG,,,1451150.0,Öffentlich,Aufzug,Ausstattung,,VF,0.0,17.4,2.6,"POLYGON ((3.31 -3.18, 2.12 -3.99, 1.3 -2.78, 2.49 -1.98, 3.31 -3.18))"
11176,16560,43185,0106 | 06 OG,,,,Öffentlich,Eingangstür,Öffnung,,,,17.4,2.0,"POLYGON ((-0.11 -2.3, 0.36 -3, 0.25 -3.07, -0.22 -2.38, -0.11 -2.3))"
11176,16560,43185,0106 | 06 OG,,,,Öffentlich,Eingangstür,Öffnung,,,,17.4,2.0,"POLYGON ((-2.01 3.03, -1.4 3.45, -1.32 3.33, -1.93 2.91, -2.01 3.03))"
11176,16560,43185,0106 | 06 OG,,,,Öffentlich,Eingangstür,Öffnung,,,,17.4,2.0,"POLYGON ((1.37 -2.54, 2.23 -1.96, 2.31 -2.07, 1.45 -2.66, 1.37 -2.54))"
11176,16560,43185,0106 | 06 OG,,,,Öffentlich,Eingangstür,Öffnung,,,,17.4,2.0,"POLYGON ((1.99 -0.96, 2.44 -1.61, 2.32 -1.68, 1.88 -1.03, 1.99 -0.96))"
11176,16560,43170,0100 | EG,,,,Wohngebäude,GF,Geschossfläche,,,,0.0,2.6,"POLYGON ((-2.05 -10.62, -4.68 -6.74, -5.64 -5.33, -5.63 -5.32, -6.2 -4.48, -6.21 -4.48, -7.3 -2.87, -7.29 -2.86, -7.85 -2.03, -7.86 -2.04, -8.84 -0.6, -8.83 -0.59, -9.8 0.85, -9.42 1.11, -7.78 2.21, -7.93 2.43, -7.95 2.42, -8.33 3, -8.32 3.01, -10.22 5.81, -9.82 6.09, -9.79 6.05, -9.05 6.55, -9.06 6.56, -7.68 7.49, -7.67 7.48, -6.73 8.12, -6.74 8.13, -5.36 9.06, -5.35 9.05, -5.34 9.06, -0.75 12.16, -0.76 12.17, -0.34 12.45, -0.33 12.44, -0.1 12.6, 0.18 12.18, -0.06 12.02, -0.05 12.01, -0.46 11.73, -0.47 11.74, -0.49 11.73, 0.12 10.81, 0.18 10.85, 1.79 8.45, 2.08 8.64, 2.29 8.33, 0.61 7.2, 1.1 6.47, 1.11 6.48, 1.76 5.51, 1.75 5.51, 2.19 4.86, 4.99 6.76, 5 6.74, 5.01 6.75, 5.7 5.73, 5.71 5.74, 6.62 4.39, 6.61 4.38, 7.27 3.4, 7.29 3.41, 8.2 2.05, 8.19 2.04, 10.86 -1.9, 10.87 -1.89, 11.18 -2.36, 11.17 -2.37, 11.83 -3.34, 11.44 -3.61, 11.38 -3.52, 11.13 -3.68, 11.14 -3.69, 8.17 -5.7, 8.16 -5.69, 7.84 -5.91, 6.03 -7.13, 5.22 -7.68, 4.61 -8.09, 2.82 -9.3, 2.61 -9.44, 2.62 -9.45, -0.61 -11.63, -0.62 -11.62, -0.76 -11.72, -0.74 -11.74, -1.12 -12, -1.74 -11.08, -1.75 -11.09, -2.06 -10.63, -2.05 -10.62))"
11176,16560,43174,0105 | 05 OG,,,,Wohngebäude,GF,Geschossfläche,,,,14.5,2.6,"POLYGON ((-1.8 -11.19, -2.11 -10.73, -2.1 -10.72, -4.67 -6.92, -4.68 -6.93, -5.57 -5.61, -5.56 -5.61, -6.18 -4.69, -6.19 -4.7, -7.13 -3.32, -7.12 -3.31, -7.74 -2.4, -7.75 -2.41, -8.68 -1.03, -8.67 -1.02, -9.6 0.34, -9.43 0.46, -7.63 1.68, -9.74 4.8, -9.75 4.79, -10.01 5.17, -8.95 5.89, -8.96 5.9, -7.59 6.83, -7.58 6.82, -6.68 7.43, -6.69 7.44, -5.3 8.38, -5.29 8.37, -0.9 11.35, -0.91 11.36, -0.45 11.67, -0.45 11.66, 0.52 12.32, 0.78 11.93, 0.77 11.92, 0.88 11.77, 0.79 11.71, 0.83 11.64, 0.84 11.65, 2.79 8.78, 2.78 8.77, 3.03 8.4, 3.02 8.39, 4.63 6.01, 4.73 6.08, 5.26 5.31, 5.36 5.15, 5.38 5.16, 6.29 3.8, 6.28 3.79, 6.91 2.86, 6.93 2.87, 7.85 1.52, 7.83 1.51, 10.34 -2.19, 10.35 -2.18, 10.68 -2.66, 10.66 -2.67, 11.35 -3.68, 10.96 -3.95, 10.91 -3.88, 10.78 -3.97, 10.79 -3.98, 7.81 -6, 7.8 -5.99, 7.48 -6.21, 7.46 -6.19, 5.76 -7.35, 5.03 -7.84, 4.36 -8.3, 2.54 -9.53, 2.35 -9.66, -0.59 -11.66, -0.6 -11.65, -0.81 -11.8, -0.8 -11.81, -1.18 -12.07, -1.78 -11.18, -1.8 -11.19))"
11176,16560,43178,0102 | 02 OG,,,,Wohngebäude,GF,Geschossfläche,,,,5.8,2.6,"POLYGON ((-1.8 -11.19, -2.11 -10.73, -2.1 -10.72, -4.67 -6.92, -4.68 -6.93, -5.57 -5.61, -5.56 -5.61, -6.18 -4.69, -6.19 -4.7, -7.13 -3.32, -7.12 -3.31, -7.74 -2.4, -7.75 -2.41, -8.68 -1.03, -8.67 -1.02, -9.6 0.34, -9.43 0.46, -7.63 1.68, -9.74 4.8, -9.75 4.79, -10.01 5.17, -8.95 5.89, -8.96 5.9, -7.59 6.83, -7.58 6.82, -6.68 7.43, -6.69 7.44, -5.3 8.38, -5.29 8.37, -0.9 11.35, -0.91 11.36, -0.45 11.67, -0.45 11.66, 0.52 12.32, 0.78 11.93, 0.77 11.92, 0.88 11.77, 0.79 11.71, 0.83 11.64, 0.84 11.65, 2.79 8.78, 2.78 8.77, 3.03 8.4, 3.02 8.39, 4.63 6.01, 4.73 6.08, 5.26 5.31, 5.36 5.15, 5.38 5.16, 6.29 3.8, 6.28 3.79, 6.91 2.86, 6.93 2.87, 7.85 1.52, 7.83 1.51, 10.34 -2.19, 10.35 -2.18, 10.68 -2.66, 10.66 -2.67, 11.35 -3.68, 10.96 -3.95, 10.91 -3.88, 10.78 -3.97, 10.79 -3.98, 7.81 -6, 7.8 -5.99, 7.48 -6.21, 7.46 -6.19, 5.76 -7.35, 5.03 -7.84, 4.36 -8.3, 2.54 -9.53, 2.35 -9.66, -0.59 -11.66, -0.6 -11.65, -0.81 -11.8, -0.8 -11.81, -1.18 -12.07, -1.78 -11.18, -1.8 -11.19))"
11176,16560,43185,0106 | 06 OG,,,,Wohngebäude,GF,Geschossfläche,,,,17.4,2.6,"POLYGON ((-1.8 -11.19, -2.11 -10.73, -2.1 -10.72, -4.67 -6.92, -4.68 -6.93, -5.57 -5.61, -5.56 -5.61, -6.18 -4.69, -6.19 -4.7, -7.13 -3.32, -7.12 -3.31, -7.74 -2.4, -7.75 -2.41, -8.68 -1.03, -8.67 -1.02, -9.6 0.34, -9.43 0.46, -7.63 1.68, -9.74 4.8, -9.75 4.79, -10.01 5.17, -8.95 5.89, -8.96 5.9, -7.59 6.83, -7.58 6.82, -6.68 7.43, -6.69 7.44, -5.3 8.38, -5.29 8.37, -0.9 11.35, -0.91 11.36, -0.45 11.67, -0.45 11.66, 0.52 12.32, 0.78 11.93, 0.77 11.92, 0.88 11.77, 0.79 11.71, 0.83 11.64, 0.84 11.65, 2.79 8.78, 2.78 8.77, 3.03 8.4, 3.02 8.39, 4.63 6.01, 4.73 6.08, 5.26 5.31, 5.36 5.15, 5.38 5.16, 6.29 3.8, 6.28 3.79, 6.91 2.86, 6.93 2.87, 7.85 1.52, 7.83 1.51, 10.34 -2.19, 10.35 -2.18, 10.68 -2.66, 10.66 -2.67, 11.35 -3.68, 10.96 -3.95, 10.91 -3.88, 10.78 -3.97, 10.79 -3.98, 7.81 -6, 7.8 -5.99, 7.48 -6.21, 7.46 -6.19, 5.76 -7.35, 5.03 -7.84, 4.36 -8.3, 2.54 -9.53, 2.35 -9.66, -0.59 -11.66, -0.6 -11.65, -0.81 -11.8, -0.8 -11.81, -1.18 -12.07, -1.78 -11.18, -1.8 -11.19))"
11176,16560,43192,0104 | 04 OG,,,,Wohngebäude,GF,Geschossfläche,,,,11.6,2.6,"POLYGON ((-1.8 -11.19, -2.11 -10.73, -2.1 -10.72, -4.67 -6.92, -4.68 -6.93, -5.57 -5.61, -5.56 -5.61, -6.18 -4.69, -6.19 -4.7, -7.13 -3.32, -7.12 -3.31, -7.74 -2.4, -7.75 -2.41, -8.68 -1.03, -8.67 -1.02, -9.6 0.34, -9.43 0.46, -7.63 1.68, -9.74 4.8, -9.75 4.79, -10.01 5.17, -8.95 5.89, -8.96 5.9, -7.59 6.83, -7.58 6.82, -6.68 7.43, -6.69 7.44, -5.3 8.38, -5.29 8.37, -0.9 11.35, -0.91 11.36, -0.45 11.67, -0.45 11.66, 0.52 12.32, 0.78 11.93, 0.77 11.92, 0.88 11.77, 0.79 11.71, 0.83 11.64, 0.84 11.65, 2.79 8.78, 2.78 8.77, 3.03 8.4, 3.02 8.39, 4.63 6.01, 4.73 6.08, 5.26 5.31, 5.36 5.15, 5.38 5.16, 6.29 3.8, 6.28 3.79, 6.91 2.86, 6.93 2.87, 7.85 1.52, 7.83 1.51, 10.34 -2.19, 10.35 -2.18, 10.68 -2.66, 10.66 -2.67, 11.35 -3.68, 10.96 -3.95, 10.91 -3.88, 10.78 -3.97, 10.79 -3.98, 7.81 -6, 7.8 -5.99, 7.48 -6.21, 7.46 -6.19, 5.76 -7.35, 5.03 -7.84, 4.36 -8.3, 2.54 -9.53, 2.35 -9.66, -0.59 -11.66, -0.6 -11.65, -0.81 -11.8, -0.8 -11.81, -1.18 -12.07, -1.78 -11.18, -1.8 -11.19))"
11176,16560,43201,0103 | 03 OG,,,,Wohngebäude,GF,Geschossfläche,,,,8.7,2.6,"POLYGON ((-1.8 -11.19, -2.11 -10.73, -2.1 -10.72, -4.67 -6.92, -4.68 -6.93, -5.57 -5.61, -5.56 -5.61, -6.18 -4.69, -6.19 -4.7, -7.13 -3.32, -7.12 -3.31, -7.74 -2.4, -7.75 -2.41, -8.68 -1.03, -8.67 -1.02, -9.6 0.34, -9.43 0.46, -7.63 1.68, -9.74 4.8, -9.75 4.79, -10.01 5.17, -8.95 5.89, -8.96 5.9, -7.59 6.83, -7.58 6.82, -6.68 7.43, -6.69 7.44, -5.3 8.38, -5.29 8.37, -0.9 11.35, -0.91 11.36, -0.45 11.67, -0.45 11.66, 0.52 12.32, 0.78 11.93, 0.77 11.92, 0.88 11.77, 0.79 11.71, 0.83 11.64, 0.84 11.65, 2.79 8.78, 2.78 8.77, 3.03 8.4, 3.02 8.39, 4.63 6.01, 4.73 6.08, 5.26 5.31, 5.36 5.15, 5.38 5.16, 6.29 3.8, 6.28 3.79, 6.91 2.86, 6.93 2.87, 7.85 1.52, 7.83 1.51, 10.34 -2.19, 10.35 -2.18, 10.68 -2.66, 10.66 -2.67, 11.35 -3.68, 10.96 -3.95, 10.91 -3.88, 10.78 -3.97, 10.79 -3.98, 7.81 -6, 7.8 -5.99, 7.48 -6.21, 7.46 -6.19, 5.76 -7.35, 5.03 -7.84, 4.36 -8.3, 2.54 -9.53, 2.35 -9.66, -0.59 -11.66, -0.6 -11.65, -0.81 -11.8, -0.8 -11.81, -1.18 -12.07, -1.78 -11.18, -1.8 -11.19))"
11176,16560,43206,0101 | 01 OG,,,,Wohngebäude,GF,Geschossfläche,,,,2.9,2.6,"POLYGON ((-1.8 -11.19, -2.11 -10.73, -2.1 -10.72, -4.67 -6.92, -4.68 -6.93, -5.57 -5.61, -5.56 -5.61, -6.18 -4.69, -6.19 -4.7, -7.13 -3.32, -7.12 -3.31, -7.74 -2.4, -7.75 -2.41, -8.68 -1.03, -8.67 -1.02, -9.6 0.34, -9.43 0.46, -7.63 1.68, -9.74 4.8, -9.75 4.79, -10.01 5.17, -8.95 5.89, -8.96 5.9, -7.59 6.83, -7.58 6.82, -6.68 7.43, -6.69 7.44, -5.3 8.38, -5.29 8.37, -0.9 11.35, -0.91 11.36, -0.45 11.67, -0.45 11.66, 0.52 12.32, 0.78 11.93, 0.77 11.92, 0.88 11.77, 0.79 11.71, 0.83 11.64, 0.84 11.65, 2.79 8.78, 2.78 8.77, 3.03 8.4, 3.02 8.39, 4.63 6.01, 4.73 6.08, 5.26 5.31, 5.36 5.15, 5.38 5.16, 6.29 3.8, 6.28 3.79, 6.91 2.86, 6.93 2.87, 7.85 1.52, 7.83 1.51, 10.34 -2.19, 10.35 -2.18, 10.68 -2.66, 10.66 -2.67, 11.35 -3.68, 10.96 -3.95, 10.91 -3.88, 10.78 -3.97, 10.79 -3.98, 7.81 -6, 7.8 -5.99, 7.48 -6.21, 7.46 -6.19, 5.76 -7.35, 5.03 -7.84, 4.36 -8.3, 2.54 -9.53, 2.35 -9.66, -0.59 -11.66, -0.6 -11.65, -0.81 -11.8, -0.8 -11.81, -1.18 -12.07, -1.78 -11.18, -1.8 -11.19))"
